date,url,title,subscribers
2020-09-18,https://t.me/BlackBookBelarus,–ß–µ—Ä–Ω–∞—è –∫–Ω–∏–≥–∞ –ë–µ–ª–∞—Ä—É—Å–∏,98728
2020-09-18,https://t.me/the_village_me,The Village –ë–µ–ª–∞—Ä—É—Å—å,13445
2020-09-18,https://t.me/januskevicbooks,–í—ã–¥–∞–≤–µ—Ü—Ç–≤–∞ –Ø–Ω—É—à–∫–µ–≤—ñ—á,464
2020-09-18,https://t.me/nexta_tv,NEXTA,877793
2020-09-18,https://t.me/minsk_block,–ú–∏–Ω—Å–∫. –ü–µ—Ä–µ–∫—Ä—ã—Ç–∏–µ –¥–æ—Ä–æ–≥,361
2020-09-18,https://t.me/hrydzinphoto,Hrydzin Phototography,883
2020-09-18,https://t.me/studentyBY,–æ—Ç—á–∏—Å–ª–µ–Ω–æ,68524
2020-09-18,https://t.me/kanapa_army,–ö–∞–Ω–∞–ø–∞–≤—ã—è –≤–æ–π—Å–∫—ñ –ë–µ–ª–∞—Ä—É—Å—ñ,5159
2020-09-18,https://t.me/onlinerby,Onliner,134446
2020-09-18,https://t.me/belarus_economy,–≠–∫–æ–Ω–æ–º–∏–∫–∞ –ë–µ–ª–∞—Ä—É—Å–∏,41335
2020-09-18,https://t.me/palchys,PALCHYS,28101
2020-09-18,https://t.me/citydogby,CityDog.by,5547
2020-09-18,https://t.me/lebiadok,Lebiadok,3629
2020-09-18,https://t.me/rada_vision,–ö–æ–æ—Ä–¥–∏–Ω–∞—Ü–∏–æ–Ω–Ω—ã–π —Å–æ–≤–µ—Ç,26705
2020-09-18,https://t.me/euroradio,Euroradio,34963
2020-09-18,https://t.me/cyberpartisan,–ö–∏–±–µ—Ä –ü–∞—Ä—Ç–∏–∑–∞–Ω—ã,61465
2020-09-18,https://t.me/HodasevichLive,–•–æ–¥–∞—Å–µ–≤–∏—á LIVE,1991
2020-09-18,https://t.me/chestnokkk,–ß–µ—Å—Ç–Ω–û–ö,619
2020-09-18,https://t.me/naviny_by,Naviny.by,14004
2020-09-18,https://t.me/terroristybelarusi,"–ö–∞—Ä–∞—Ç–µ–ª–∏ –ë–µ–ª–∞—Ä—É—Å–∏ - –∏–º–µ–Ω–∞, –∞–¥—Ä–µ—Å–∞, —Ä–æ–¥—Å—Ç–≤–µ–Ω–Ω–∏–∫–∏",75627
2020-09-18,https://t.me/Spoilermen,–°–ø–æ–π–ª–µ—Ä–º—ç–Ω,767
2020-09-18,https://t.me/tribuna_by,Tribuna.com –ë–µ–ª–∞—Ä—É—Å—å,13596
2020-09-18,https://t.me/kyky_org,–ö—É–ª—É–∞—Ä—ã KYKY,44161
2020-09-18,https://t.me/belteanews,–ß–∞–π –∑ –º–∞–ª–∏–Ω–∞–≤—ã–º –≤–∞—Ä—ç–Ω–Ω–µ–º,196774
2020-09-18,https://t.me/charter97_org,–•–∞—Ä—Ç–∏—è-97,65420
2020-09-18,https://t.me/tutby_official,TUT.BY –Ω–æ–≤–æ—Å—Ç–∏,394152
2020-09-18,https://t.me/sputnikby,Sputnik –ë–µ–ª–∞—Ä—É—Å—å,22743
2020-09-18,https://t.me/motolkohelp,#–ú–æ—Ç–æ–ª—å–∫–æ–ü–æ–º–æ–≥–∏ —ç—Ç–æ–º—É –≥–æ—Ä–æ–¥–∏—à–∫–æ –æ—Ç 3% –∏–∑–±–∞–≤–∏—Ç—å—Å—è,68609
2020-09-18,https://t.me/iSANS_Belarus,iSANS –ë–µ–ª–∞—Ä—É—Å—å,6509
2020-09-18,https://t.me/online_belarus,–ë–µ–ª–∞—Ä—É—Å—å Online,209024
2020-09-18,https://t.me/listovki_97,–õ–∏—Å—Ç–æ–≤–∫–∏ 97%,4818
2020-09-18,https://t.me/belarusseichas,–ë–µ–ª–∞—Ä—É—Å—å –°–µ–π—á–∞—Å,207770
2020-09-18,https://t.me/strana_official,–°—Ç—Ä–∞–Ω–∞ –î–ª—è –ñ–∏–∑–Ω–∏,92433
2020-09-18,https://t.me/s13ru,s13.ru ‚Äì –ù–æ–≤–æ—Å—Ç–∏ –ì—Ä–æ–¥–Ω–æ,19423
2020-09-18,https://t.me/bnkbel,–ë–∞—Å—Ç–∞!,139574
2020-09-18,https://t.me/symbalby,SYMBAL.BY,6869
2020-09-18,https://t.me/belaruspartisanby,–ë–µ–ª–æ—Ä—É—Å—Å–∫–∏–π –ü–∞—Ä—Ç–∏–∑–∞–Ω,9415
2020-09-18,https://t.me/luxta_tv,LUXTA,206829
2020-09-18,https://t.me/votebelarus2020,–ü–ª–∞—Ç—Ñ–æ—Ä–º–∞ –ì–æ–ª–æ—Å,127600
2020-09-18,https://t.me/tp_by,–¢–∏–ø–∏—á–Ω–∞—è –ë–µ–ª–∞—Ä—É—Å—å,262837
2020-09-18,https://t.me/mediazona_by,–ú–µ–¥–∏–∞–∑–æ–Ω–∞. –ë–µ–ª–∞—Ä—É—Å—å,7244
2020-09-18,https://t.me/mkbelarus,–ú–ê–Ø –ö–†–ê–Ü–ù–ê –ë–ï–õ–ê–†–£–°–¨,223775
2020-09-18,https://t.me/UsyLukashenko,–£—Å—ã –õ—É–∫–∞—à–µ–Ω–∫–æ,102043
2020-09-18,https://t.me/harbatsevich,HARBACEVIƒå,12211
2020-09-18,https://t.me/viasna96,–í—è—Å–Ω–∞ / –ü—Ä–∞–≤—ã —á–∞–ª–∞–≤–µ–∫–∞ —û –ë–µ–ª–∞—Ä—É—Å—ñ,17009
2020-09-18,https://t.me/spiski_okrestina,–°–ø–∏—Å–∫–∏ –ó–∞–¥–µ—Ä–∂–∞–Ω–Ω—ã—Ö (–ñ–æ–¥–∏–Ω–æ+–û–∫—Ä–µ—Å—Ç–∏–Ω–∞),13478
2020-09-18,https://t.me/nexta_live,NEXTA Live,2040595
2020-09-18,https://t.me/shraibman,Shraibman,31518
2020-09-18,https://t.me/belsat,–ë–µ–ª—Å–∞—Ç,101567
2020-09-18,https://t.me/radiosvaboda,–†–∞–¥—ã—ë –°–≤–∞–±–æ–¥–∞ ‚Äî –ë–µ–ª–∞—Ä—É—Å—å,95435
2020-09-18,https://t.me/nashaniva,–ù–∞—à–∞ –ùi–≤–∞,95478
2020-09-18,https://t.me/pulpervoi,–ü—É–ª –ü–µ—Ä–≤–æ–π,80088
2020-09-18,https://t.me/cityforcitizens,–ì–æ—Ä–∞–¥ –¥–ª—è –≥–∞—Ä–∞–¥–∂–∞–Ω,1874
2020-09-18,https://t.me/by_help,By_Help,4964
2020-09-18,https://t.me/belamova,–ë–µ–ª–∞—Ä—É—Å—å –≥–æ–ª–æ–≤–Ω–æ–≥–æ –º–æ–∑–≥–∞,436883
2020-09-22,https://t.me/cityforcitizens,–ì–æ—Ä–∞–¥ –¥–ª—è –≥–∞—Ä–∞–¥–∂–∞–Ω,1874
2020-09-22,https://t.me/nexta_live,NEXTA Live,2049029
2020-09-22,https://t.me/motolkohelp,#–ú–æ—Ç–æ–ª—å–∫–æ–ü–æ–º–æ–≥–∏ —ç—Ç–æ–º—É –≥–æ—Ä–æ–¥–∏—à–∫–æ –æ—Ç 3% –∏–∑–±–∞–≤–∏—Ç—å—Å—è,71219
2020-09-22,https://t.me/BlackBookBelarus,–ß–µ—Ä–Ω–∞—è –∫–Ω–∏–≥–∞ –ë–µ–ª–∞—Ä—É—Å–∏,99910
2020-09-22,https://t.me/kyky_org,–ö—É–ª—É–∞—Ä—ã KYKY,44647
2020-09-22,https://t.me/by_help,By_Help,5010
2020-09-22,https://t.me/belaruspartisanby,–ë–µ–ª–æ—Ä—É—Å—Å–∫–∏–π –ü–∞—Ä—Ç–∏–∑–∞–Ω,9427
2020-09-22,https://t.me/rada_vision,–ö–æ–æ—Ä–¥–∏–Ω–∞—Ü–∏–æ–Ω–Ω—ã–π —Å–æ–≤–µ—Ç,26479
2020-09-22,https://t.me/kanapa_army,–ö–∞–Ω–∞–ø–∞–≤—ã—è –≤–æ–π—Å–∫—ñ –ë–µ–ª–∞—Ä—É—Å—ñ,5125
2020-09-22,https://t.me/studentyBY,–æ—Ç—á–∏—Å–ª–µ–Ω–æ,68265
2020-09-22,https://t.me/symbalby,SYMBAL.BY,6862
2020-09-22,https://t.me/shraibman,Shraibman,31536
2020-09-22,https://t.me/euroradio,Euroradio,34727
2020-09-22,https://t.me/onlinerby,Onliner,134934
2020-09-22,https://t.me/Spoilermen,–°–ø–æ–π–ª–µ—Ä–º—ç–Ω,766
2020-09-22,https://t.me/HodasevichLive,–•–æ–¥–∞—Å–µ–≤–∏—á LIVE,2008
2020-09-22,https://t.me/minsk_block,–ú–∏–Ω—Å–∫. –ü–µ—Ä–µ–∫—Ä—ã—Ç–∏–µ –¥–æ—Ä–æ–≥,382
2020-09-22,https://t.me/mkbelarus,–ú–ê–Ø –ö–†–ê–Ü–ù–ê –ë–ï–õ–ê–†–£–°–¨,221171
2020-09-22,https://t.me/naviny_by,Naviny.by,13832
2020-09-22,https://t.me/radiosvaboda,–†–∞–¥—ã—ë –°–≤–∞–±–æ–¥–∞ ‚Äî –ë–µ–ª–∞—Ä—É—Å—å,95442
2020-09-22,https://t.me/charter97_org,–•–∞—Ä—Ç–∏—è-97,65621
2020-09-22,https://t.me/mediazona_by,–ú–µ–¥–∏–∞–∑–æ–Ω–∞. –ë–µ–ª–∞—Ä—É—Å—å,7304
2020-09-22,https://t.me/votebelarus2020,–ü–ª–∞—Ç—Ñ–æ—Ä–º–∞ –ì–æ–ª–æ—Å,131185
2020-09-22,https://t.me/belarusseichas,–ë–µ–ª–∞—Ä—É—Å—å –°–µ–π—á–∞—Å,204057
2020-09-22,https://t.me/harbatsevich,HARBACEVIƒå,12132
2020-09-22,https://t.me/tribuna_by,Tribuna.com –ë–µ–ª–∞—Ä—É—Å—å,13659
2020-09-22,https://t.me/iSANS_Belarus,iSANS –ë–µ–ª–∞—Ä—É—Å—å,6490
2020-09-22,https://t.me/belsat,–ë–µ–ª—Å–∞—Ç,101905
2020-09-22,https://t.me/januskevicbooks,–í—ã–¥–∞–≤–µ—Ü—Ç–≤–∞ –Ø–Ω—É—à–∫–µ–≤—ñ—á,468
2020-09-22,https://t.me/sputnikby,Sputnik –ë–µ–ª–∞—Ä—É—Å—å,22679
2020-09-22,https://t.me/the_village_me,The Village –ë–µ–ª–∞—Ä—É—Å—å,13497
2020-09-22,https://t.me/belamova,–ë–µ–ª–∞—Ä—É—Å—å –≥–æ–ª–æ–≤–Ω–æ–≥–æ –º–æ–∑–≥–∞,432731
2020-09-22,https://t.me/citydogby,CityDog.by,5544
2020-09-22,https://t.me/terroristybelarusi,"–ö–∞—Ä–∞—Ç–µ–ª–∏ –ë–µ–ª–∞—Ä—É—Å–∏ - –∏–º–µ–Ω–∞, –∞–¥—Ä–µ—Å–∞, —Ä–æ–¥—Å—Ç–≤–µ–Ω–Ω–∏–∫–∏",75174
2020-09-22,https://t.me/lebiadok,Lebiadok,3630
2020-09-22,https://t.me/spiski_okrestina,–°–ø–∏—Å–∫–∏ –ó–∞–¥–µ—Ä–∂–∞–Ω–Ω—ã—Ö (–ñ–æ–¥–∏–Ω–æ+–û–∫—Ä–µ—Å—Ç–∏–Ω–∞),14445
2020-09-22,https://t.me/online_belarus,–ë–µ–ª–∞—Ä—É—Å—å Online,207266
2020-09-22,https://t.me/tutby_official,TUT.BY –Ω–æ–≤–æ—Å—Ç–∏,397741
2020-09-22,https://t.me/nexta_tv,NEXTA,883944
2020-09-22,https://t.me/bnkbel,–ë–∞—Å—Ç–∞!,140497
2020-09-22,https://t.me/viasna96,–í—è—Å–Ω–∞ / –ü—Ä–∞–≤—ã —á–∞–ª–∞–≤–µ–∫–∞ —û –ë–µ–ª–∞—Ä—É—Å—ñ,17348
2020-09-22,https://t.me/s13ru,s13.ru ‚Äì –ù–æ–≤–æ—Å—Ç–∏ –ì—Ä–æ–¥–Ω–æ,19548
2020-09-22,https://t.me/palchys,PALCHYS,28043
2020-09-22,https://t.me/belarus_economy,–≠–∫–æ–Ω–æ–º–∏–∫–∞ –ë–µ–ª–∞—Ä—É—Å–∏,41352
2020-09-22,https://t.me/belteanews,–ß–∞–π –∑ –º–∞–ª–∏–Ω–∞–≤—ã–º –≤–∞—Ä—ç–Ω–Ω–µ–º,197128
2020-09-22,https://t.me/tp_by,–¢–∏–ø–∏—á–Ω–∞—è –ë–µ–ª–∞—Ä—É—Å—å,259664
2020-09-22,https://t.me/cyberpartisan,–ö–∏–±–µ—Ä –ü–∞—Ä—Ç–∏–∑–∞–Ω—ã,64031
2020-09-22,https://t.me/hrydzinphoto,Hrydzin Phototography,866
2020-09-22,https://t.me/UsyLukashenko,–£—Å—ã –õ—É–∫–∞—à–µ–Ω–∫–æ,101484
2020-09-22,https://t.me/stopbotluka,–ë–æ—Ä–µ–º—Å—è —Å –ø—Ä–æ–ø–∞–≥–∞–Ω–¥–æ–π,6699
2020-09-22,https://t.me/pulpervoi,–ü—É–ª –ü–µ—Ä–≤–æ–π,81470
2020-09-22,https://t.me/luxta_tv,LUXTA,206582
2020-09-22,https://t.me/listovki_97,–õ–∏—Å—Ç–æ–≤–∫–∏ 97%,5067
2020-09-22,https://t.me/chestnokkk,–ß–µ—Å—Ç–Ω–û–ö,639
2020-09-22,https://t.me/nashaniva,–ù–∞—à–∞ –ùi–≤–∞,96117
2020-09-22,https://t.me/strana_official,–°—Ç—Ä–∞–Ω–∞ –î–ª—è –ñ–∏–∑–Ω–∏,91817
2020-09-29,https://t.me/motolkohelp,#–ú–æ—Ç–æ–ª—å–∫–æ–ü–æ–º–æ–≥–∏ —ç—Ç–æ–º—É –≥–æ—Ä–æ–¥–∏—à–∫–æ –æ—Ç 3% –∏–∑–±–∞–≤–∏—Ç—å—Å—è,75501
2020-09-29,https://t.me/radiosvaboda,–†–∞–¥—ã—ë –°–≤–∞–±–æ–¥–∞ ‚Äî –ë–µ–ª–∞—Ä—É—Å—å,97228
2020-09-29,https://t.me/listovki_97,–õ–∏—Å—Ç–æ–≤–∫–∏ 97%,5542
2020-09-29,https://t.me/cyberpartisan,–ö–∏–±–µ—Ä –ü–∞—Ä—Ç–∏–∑–∞–Ω—ã,69984
2020-09-29,https://t.me/stopbotluka,–ë–æ—Ä–µ–º—Å—è —Å –ø—Ä–æ–ø–∞–≥–∞–Ω–¥–æ–π,6645
2020-09-29,https://t.me/charter97_org,–•–∞—Ä—Ç–∏—è-97,66472
2020-09-29,https://t.me/lebiadok,Lebiadok,3615
2020-09-29,https://t.me/studentyBY,–æ—Ç—á–∏—Å–ª–µ–Ω–æ,68846
2020-09-29,https://t.me/tutby_official,TUT.BY –Ω–æ–≤–æ—Å—Ç–∏,414039
2020-09-29,https://t.me/belaruspartisanby,–ë–µ–ª–æ—Ä—É—Å—Å–∫–∏–π –ü–∞—Ä—Ç–∏–∑–∞–Ω,9491
2020-09-29,https://t.me/euroradio,Euroradio,35719
2020-09-29,https://t.me/the_village_me,The Village –ë–µ–ª–∞—Ä—É—Å—å,14046
2020-09-29,https://t.me/HodasevichLive,–•–æ–¥–∞—Å–µ–≤–∏—á LIVE,2044
2020-09-29,https://t.me/viasna96,–í—è—Å–Ω–∞ / –ü—Ä–∞–≤—ã —á–∞–ª–∞–≤–µ–∫–∞ —û –ë–µ–ª–∞—Ä—É—Å—ñ,18086
2020-09-29,https://t.me/BlackBookBelarus,–ß–µ—Ä–Ω–∞—è –∫–Ω–∏–≥–∞ –ë–µ–ª–∞—Ä—É—Å–∏,101171
2020-09-29,https://t.me/symbalby,SYMBAL.BY,6857
2020-09-29,https://t.me/mkbelarus,–ú–ê–Ø –ö–†–ê–Ü–ù–ê –ë–ï–õ–ê–†–£–°–¨,218280
2020-09-29,https://t.me/nashaniva,–ù–∞—à–∞ –ùi–≤–∞,98558
2020-09-29,https://t.me/rada_vision,–ö–æ–æ—Ä–¥–∏–Ω–∞—Ü–∏–æ–Ω–Ω—ã–π —Å–æ–≤–µ—Ç,26271
2020-09-29,https://t.me/spiski_okrestina,–°–ø–∏—Å–∫–∏ –ó–∞–¥–µ—Ä–∂–∞–Ω–Ω—ã—Ö (–ñ–æ–¥–∏–Ω–æ+–û–∫—Ä–µ—Å—Ç–∏–Ω–∞),16622
2020-09-29,https://t.me/sputnikby,Sputnik –ë–µ–ª–∞—Ä—É—Å—å,22330
2020-09-29,https://t.me/nexta_live,NEXTA Live,2051750
2020-09-29,https://t.me/iSANS_Belarus,iSANS –ë–µ–ª–∞—Ä—É—Å—å,6567
2020-09-29,https://t.me/s13ru,s13.ru ‚Äì –ù–æ–≤–æ—Å—Ç–∏ –ì—Ä–æ–¥–Ω–æ,19839
2020-09-29,https://t.me/naviny_by,Naviny.by,13551
2020-09-29,https://t.me/tribuna_by,Tribuna.com –ë–µ–ª–∞—Ä—É—Å—å,14002
2020-09-29,https://t.me/Spoilermen,–°–ø–æ–π–ª–µ—Ä–º—ç–Ω,765
2020-09-29,https://t.me/mediazona_by,–ú–µ–¥–∏–∞–∑–æ–Ω–∞. –ë–µ–ª–∞—Ä—É—Å—å,7198
2020-09-29,https://t.me/luxta_tv,LUXTA,206342
2020-09-29,https://t.me/hrydzinphoto,Hrydzin Phototography,839
2020-09-29,https://t.me/votebelarus2020,–ü–ª–∞—Ç—Ñ–æ—Ä–º–∞ –ì–æ–ª–æ—Å,132515
2020-09-29,https://t.me/belarusseichas,–ë–µ–ª–∞—Ä—É—Å—å –°–µ–π—á–∞—Å,201451
2020-09-29,https://t.me/kyky_org,–ö—É–ª—É–∞—Ä—ã KYKY,47315
2020-09-29,https://t.me/cityforcitizens,–ì–æ—Ä–∞–¥ –¥–ª—è –≥–∞—Ä–∞–¥–∂–∞–Ω,1866
2020-09-29,https://t.me/pulpervoi,–ü—É–ª –ü–µ—Ä–≤–æ–π,84714
2020-09-29,https://t.me/belamova,–ë–µ–ª–∞—Ä—É—Å—å –≥–æ–ª–æ–≤–Ω–æ–≥–æ –º–æ–∑–≥–∞,427760
2020-09-29,https://t.me/januskevicbooks,–í—ã–¥–∞–≤–µ—Ü—Ç–≤–∞ –Ø–Ω—É—à–∫–µ–≤—ñ—á,469
2020-09-29,https://t.me/strana_official,–°—Ç—Ä–∞–Ω–∞ –î–ª—è –ñ–∏–∑–Ω–∏,90988
2020-09-29,https://t.me/belarus_economy,–≠–∫–æ–Ω–æ–º–∏–∫–∞ –ë–µ–ª–∞—Ä—É—Å–∏,42554
2020-09-29,https://t.me/onlinerby,Onliner,137245
2020-09-29,https://t.me/nexta_tv,NEXTA,919604
2020-09-29,https://t.me/belsat,–ë–µ–ª—Å–∞—Ç,104675
2020-09-29,https://t.me/kanapa_army,–ö–∞–Ω–∞–ø–∞–≤—ã—è –≤–æ–π—Å–∫—ñ –ë–µ–ª–∞—Ä—É—Å—ñ,5082
2020-09-29,https://t.me/by_help,By_Help,5068
2020-09-29,https://t.me/palchys,PALCHYS,28026
2020-09-29,https://t.me/harbatsevich,HARBACEVIƒå,11945
2020-09-29,https://t.me/bnkbel,–ë–∞—Å—Ç–∞!,142798
2020-09-29,https://t.me/chestnokkk,–ß–µ—Å—Ç–Ω–û–ö,657
2020-09-29,https://t.me/minsk_block,–ú–∏–Ω—Å–∫. –ü–µ—Ä–µ–∫—Ä—ã—Ç–∏–µ –¥–æ—Ä–æ–≥,858
2020-09-29,https://t.me/shraibman,Shraibman,32350
2020-09-29,https://t.me/terroristybelarusi,"–ö–∞—Ä–∞—Ç–µ–ª–∏ –ë–µ–ª–∞—Ä—É—Å–∏ - –∏–º–µ–Ω–∞, –∞–¥—Ä–µ—Å–∞, —Ä–æ–¥—Å—Ç–≤–µ–Ω–Ω–∏–∫–∏",528
2020-09-29,https://t.me/belteanews,–ß–∞–π –∑ –º–∞–ª–∏–Ω–∞–≤—ã–º –≤–∞—Ä—ç–Ω–Ω–µ–º,198937
2020-09-29,https://t.me/UsyLukashenko,–£—Å—ã –õ—É–∫–∞—à–µ–Ω–∫–æ,101589
2020-09-29,https://t.me/citydogby,CityDog.by,5532
2020-09-29,https://t.me/online_belarus,–ë–µ–ª–∞—Ä—É—Å—å Online,204566
2020-10-06,https://t.me/viasna96,–í—è—Å–Ω–∞ / –ü—Ä–∞–≤—ã —á–∞–ª–∞–≤–µ–∫–∞ —û –ë–µ–ª–∞—Ä—É—Å—ñ,18128
2020-10-06,https://t.me/minsk_block,–ú–∏–Ω—Å–∫. –ü–µ—Ä–µ–∫—Ä—ã—Ç–∏–µ –¥–æ—Ä–æ–≥,948
2020-10-06,https://t.me/iSANS_Belarus,iSANS –ë–µ–ª–∞—Ä—É—Å—å,6621
2020-10-06,https://t.me/belarusseichas,–ë–µ–ª–∞—Ä—É—Å—å –°–µ–π—á–∞—Å,198286
2020-10-06,https://t.me/kyky_org,–ö—É–ª—É–∞—Ä—ã KYKY,47442
2020-10-06,https://t.me/the_village_me,The Village –ë–µ–ª–∞—Ä—É—Å—å,14085
2020-10-06,https://t.me/nashaniva,–ù–∞—à–∞ –ùi–≤–∞,98506
2020-10-06,https://t.me/shraibman,Shraibman,32615
2020-10-06,https://t.me/citydogby,CityDog.by,5560
2020-10-06,https://t.me/by_help,By_Help,5128
2020-10-06,https://t.me/HodasevichLive,–•–æ–¥–∞—Å–µ–≤–∏—á LIVE,2061
2020-10-06,https://t.me/pulpervoi,–ü—É–ª –ü–µ—Ä–≤–æ–π,69
2020-10-06,https://t.me/BlackBookBelarus,–ß–µ—Ä–Ω–∞—è –∫–Ω–∏–≥–∞ –ë–µ–ª–∞—Ä—É—Å–∏,100826
2020-10-06,https://t.me/cityforcitizens,–ì–æ—Ä–∞–¥ –¥–ª—è –≥–∞—Ä–∞–¥–∂–∞–Ω,1852
2020-10-06,https://t.me/tribuna_by,Tribuna.com –ë–µ–ª–∞—Ä—É—Å—å,14182
2020-10-06,https://t.me/studentyBY,–æ—Ç—á–∏—Å–ª–µ–Ω–æ,69492
2020-10-06,https://t.me/s13ru,s13.ru ‚Äì –ù–æ–≤–æ—Å—Ç–∏ –ì—Ä–æ–¥–Ω–æ,19834
2020-10-06,https://t.me/motolkohelp,#–ú–æ—Ç–æ–ª—å–∫–æ–ü–æ–º–æ–≥–∏ —ç—Ç–æ–º—É –≥–æ—Ä–æ–¥–∏—à–∫–æ –æ—Ç 3% –∏–∑–±–∞–≤–∏—Ç—å—Å—è,75811
2020-10-06,https://t.me/votebelarus2020,–ü–ª–∞—Ç—Ñ–æ—Ä–º–∞ –ì–æ–ª–æ—Å,130421
2020-10-06,https://t.me/radiosvaboda,–†–∞–¥—ã—ë –°–≤–∞–±–æ–¥–∞ ‚Äî –ë–µ–ª–∞—Ä—É—Å—å,96700
2020-10-06,https://t.me/chestnokkk,–ß–µ—Å—Ç–Ω–û–ö,875
2020-10-06,https://t.me/hrydzinphoto,Hrydzin Phototography,822
2020-10-06,https://t.me/naviny_by,Naviny.by,13312
2020-10-06,https://t.me/strana_official,–°—Ç—Ä–∞–Ω–∞ –î–ª—è –ñ–∏–∑–Ω–∏,89889
2020-10-06,https://t.me/palchys,PALCHYS,28619
2020-10-06,https://t.me/tutby_official,TUT.BY –Ω–æ–≤–æ—Å—Ç–∏,422412
2020-10-06,https://t.me/rada_vision,–ö–æ–æ—Ä–¥–∏–Ω–∞—Ü–∏–æ–Ω–Ω—ã–π —Å–æ–≤–µ—Ç,25903
2020-10-06,https://t.me/cyberpartisan,–ö–∏–±–µ—Ä –ü–∞—Ä—Ç–∏–∑–∞–Ω—ã,70669
2020-10-06,https://t.me/online_belarus,–ë–µ–ª–∞—Ä—É—Å—å Online,201735
2020-10-06,https://t.me/UsyLukashenko,–£—Å—ã –õ—É–∫–∞—à–µ–Ω–∫–æ,100183
2020-10-06,https://t.me/lebiadok,Lebiadok,3605
2020-10-06,https://t.me/Spoilermen,–°–ø–æ–π–ª–µ—Ä–º—ç–Ω,764
2020-10-06,https://t.me/nexta_tv,NEXTA,911628
2020-10-06,https://t.me/januskevicbooks,–í—ã–¥–∞–≤–µ—Ü—Ç–≤–∞ –Ø–Ω—É—à–∫–µ–≤—ñ—á,476
2020-10-06,https://t.me/mkbelarus,–ú–ê–Ø –ö–†–ê–Ü–ù–ê –ë–ï–õ–ê–†–£–°–¨,213918
2020-10-06,https://t.me/terroristybelarusi,"–ö–∞—Ä–∞—Ç–µ–ª–∏ –ë–µ–ª–∞—Ä—É—Å–∏ - –∏–º–µ–Ω–∞, –∞–¥—Ä–µ—Å–∞, —Ä–æ–¥—Å—Ç–≤–µ–Ω–Ω–∏–∫–∏",649
2020-10-06,https://t.me/bnkbel,–ë–∞—Å—Ç–∞!,141193
2020-10-06,https://t.me/sputnikby,Sputnik –ë–µ–ª–∞—Ä—É—Å—å,22217
2020-10-06,https://t.me/belteanews,–ß–∞–π –∑ –º–∞–ª–∏–Ω–∞–≤—ã–º –≤–∞—Ä—ç–Ω–Ω–µ–º,197848
2020-10-06,https://t.me/nexta_live,NEXTA Live,2016834
2020-10-06,https://t.me/symbalby,SYMBAL.BY,6885
2020-10-06,https://t.me/belamova,–ë–µ–ª–∞—Ä—É—Å—å –≥–æ–ª–æ–≤–Ω–æ–≥–æ –º–æ–∑–≥–∞,420510
2020-10-06,https://t.me/listovki_97,–õ–∏—Å—Ç–æ–≤–∫–∏ 97%,5657
2020-10-06,https://t.me/onlinerby,Onliner,138867
2020-10-06,https://t.me/euroradio,Euroradio,35493
2020-10-06,https://t.me/charter97_org,–•–∞—Ä—Ç–∏—è-97,66687
2020-10-06,https://t.me/spiski_okrestina,–°–ø–∏—Å–∫–∏ –ó–∞–¥–µ—Ä–∂–∞–Ω–Ω—ã—Ö (–ñ–æ–¥–∏–Ω–æ+–û–∫—Ä–µ—Å—Ç–∏–Ω–∞+–ë–∞—Ä–∞–Ω–æ–≤–∏—á–∏),16864
2020-10-06,https://t.me/harbatsevich,HARBACEVIƒå,11791
2020-10-06,https://t.me/kanapa_army,–ö–∞–Ω–∞–ø–∞–≤—ã—è –≤–æ–π—Å–∫—ñ –ë–µ–ª–∞—Ä—É—Å—ñ,4924
2020-10-06,https://t.me/mediazona_by,–ú–µ–¥–∏–∞–∑–æ–Ω–∞. –ë–µ–ª–∞—Ä—É—Å—å,7028
2020-10-06,https://t.me/belaruspartisanby,–ë–µ–ª–æ—Ä—É—Å—Å–∫–∏–π –ü–∞—Ä—Ç–∏–∑–∞–Ω,9529
2020-10-06,https://t.me/belsat,–ë–µ–ª—Å–∞—Ç,105962
2020-10-06,https://t.me/luxta_tv,LUXTA,203072
2020-10-06,https://t.me/stopbotluka,–ë–æ—Ä–µ–º—Å—è —Å –ø—Ä–æ–ø–∞–≥–∞–Ω–¥–æ–π,6472
2020-10-06,https://t.me/belarus_economy,–≠–∫–æ–Ω–æ–º–∏–∫–∞ –ë–µ–ª–∞—Ä—É—Å–∏,42271
2020-10-13,https://t.me/bnkbel,–ë–∞—Å—Ç–∞!,140563
2020-10-13,https://t.me/the_village_me,The Village –ë–µ–ª–∞—Ä—É—Å—å,14449
2020-10-13,https://t.me/belaruspartisanby,–ë–µ–ª–æ—Ä—É—Å—Å–∫–∏–π –ü–∞—Ä—Ç–∏–∑–∞–Ω,9544
2020-10-13,https://t.me/UsyLukashenko,–£—Å—ã –õ—É–∫–∞—à–µ–Ω–∫–æ,100912
2020-10-13,https://t.me/minsk_block,–ú–∏–Ω—Å–∫. –ü–µ—Ä–µ–∫—Ä—ã—Ç–∏–µ –¥–æ—Ä–æ–≥,1299
2020-10-13,https://t.me/chestnokkk,–ß–µ—Å—Ç–Ω–û–ö,982
2020-10-13,https://t.me/kanapa_army,–ö–∞–Ω–∞–ø–∞–≤—ã—è –≤–æ–π—Å–∫—ñ –ë–µ–ª–∞—Ä—É—Å—ñ,4740
2020-10-13,https://t.me/belsat,–ë–µ–ª—Å–∞—Ç,106730
2020-10-13,https://t.me/nexta_live,NEXTA Live,1986194
2020-10-13,https://t.me/lebiadok,Lebiadok,3651
2020-10-13,https://t.me/sputnikby,Sputnik –ë–µ–ª–∞—Ä—É—Å—å,22215
2020-10-13,https://t.me/Spoilermen,–°–ø–æ–π–ª–µ—Ä–º—ç–Ω,761
2020-10-13,https://t.me/s13ru,s13.ru ‚Äì –ù–æ–≤–æ—Å—Ç–∏ –ì—Ä–æ–¥–Ω–æ,19851
2020-10-13,https://t.me/mediazona_by,–ú–µ–¥–∏–∞–∑–æ–Ω–∞. –ë–µ–ª–∞—Ä—É—Å—å,6889
2020-10-13,https://t.me/citydogby,CityDog.by,5554
2020-10-13,https://t.me/charter97_org,–•–∞—Ä—Ç–∏—è-97,67114
2020-10-13,https://t.me/tribuna_by,Tribuna.com –ë–µ–ª–∞—Ä—É—Å—å,14875
2020-10-13,https://t.me/nexta_tv,NEXTA,910036
2020-10-13,https://t.me/pulpervoi,–ü—É–ª –ü–µ—Ä–≤–æ–π,81
2020-10-13,https://t.me/harbatsevich,HARBACEVIƒå,11625
2020-10-13,https://t.me/radiosvaboda,–†–∞–¥—ã—ë –°–≤–∞–±–æ–¥–∞ ‚Äî –ë–µ–ª–∞—Ä—É—Å—å,97138
2020-10-13,https://t.me/online_belarus,–ë–µ–ª–∞—Ä—É—Å—å Online,198805
2020-10-13,https://t.me/by_help,By_Help,5100
2020-10-13,https://t.me/hrydzinphoto,Hrydzin Phototography,817
2020-10-13,https://t.me/palchys,PALCHYS,28226
2020-10-13,https://t.me/listovki_97,–õ–∏—Å—Ç–æ–≤–∫–∏ 97%,6003
2020-10-13,https://t.me/luxta_tv,LUXTA,199905
2020-10-13,https://t.me/votebelarus2020,–ü–ª–∞—Ç—Ñ–æ—Ä–º–∞ –ì–æ–ª–æ—Å,147285
2020-10-13,https://t.me/belarusseichas,–ë–µ–ª–∞—Ä—É—Å—å –°–µ–π—á–∞—Å,195108
2020-10-13,https://t.me/tutby_official,TUT.BY –Ω–æ–≤–æ—Å—Ç–∏,427165
2020-10-13,https://t.me/onlinerby,Onliner,139772
2020-10-13,https://t.me/studentyBY,–æ—Ç—á–∏—Å–ª–µ–Ω–æ,68713
2020-10-13,https://t.me/kyky_org,–ö—É–ª—É–∞—Ä—ã KYKY,49045
2020-10-13,https://t.me/belamova,–ë–µ–ª–∞—Ä—É—Å—å –≥–æ–ª–æ–≤–Ω–æ–≥–æ –º–æ–∑–≥–∞,414871
2020-10-13,https://t.me/terroristybelarusi,"–ö–∞—Ä–∞—Ç–µ–ª–∏ –ë–µ–ª–∞—Ä—É—Å–∏ - –∏–º–µ–Ω–∞, –∞–¥—Ä–µ—Å–∞, —Ä–æ–¥—Å—Ç–≤–µ–Ω–Ω–∏–∫–∏",846
2020-10-13,https://t.me/cyberpartisan,–ö–∏–±–µ—Ä –ü–∞—Ä—Ç–∏–∑–∞–Ω—ã,75734
2020-10-13,https://t.me/belarus_economy,–≠–∫–æ–Ω–æ–º–∏–∫–∞ –ë–µ–ª–∞—Ä—É—Å–∏,42267
2020-10-13,https://t.me/januskevicbooks,–í—ã–¥–∞–≤–µ—Ü—Ç–≤–∞ –Ø–Ω—É—à–∫–µ–≤—ñ—á,493
2020-10-13,https://t.me/naviny_by,Naviny.by,13024
2020-10-13,https://t.me/stopbotluka,–ë–æ—Ä–µ–º—Å—è —Å –ø—Ä–æ–ø–∞–≥–∞–Ω–¥–æ–π,6240
2020-10-13,https://t.me/BlackBookBelarus,–ß–µ—Ä–Ω–∞—è –∫–Ω–∏–≥–∞ –ë–µ–ª–∞—Ä—É—Å–∏,101355
2020-10-13,https://t.me/iSANS_Belarus,iSANS –ë–µ–ª–∞—Ä—É—Å—å,6576
2020-10-13,https://t.me/shraibman,Shraibman,33923
2020-10-13,https://t.me/belteanews,–ß–∞–π –∑ –º–∞–ª–∏–Ω–∞–≤—ã–º –≤–∞—Ä—ç–Ω–Ω–µ–º,197212
2020-10-13,https://t.me/spiski_okrestina,–°–ø–∏—Å–∫–∏ –ó–∞–¥–µ—Ä–∂–∞–Ω–Ω—ã—Ö (–ñ–æ–¥–∏–Ω–æ+–û–∫—Ä–µ—Å—Ç–∏–Ω–∞+–ë–∞—Ä–∞–Ω–æ–≤–∏—á–∏),18882
2020-10-13,https://t.me/strana_official,–°—Ç—Ä–∞–Ω–∞ –î–ª—è –ñ–∏–∑–Ω–∏,89098
2020-10-13,https://t.me/HodasevichLive,–•–æ–¥–∞—Å–µ–≤–∏—á LIVE,2118
2020-10-13,https://t.me/mkbelarus,–ú–ê–Ø –ö–†–ê–Ü–ù–ê –ë–ï–õ–ê–†–£–°–¨,210657
2020-10-13,https://t.me/euroradio,Euroradio,35880
2020-10-13,https://t.me/rada_vision,–ö–æ–æ—Ä–¥–∏–Ω–∞—Ü–∏–æ–Ω–Ω—ã–π —Å–æ–≤–µ—Ç,25607
2020-10-13,https://t.me/viasna96,–í—è—Å–Ω–∞ / –ü—Ä–∞–≤—ã —á–∞–ª–∞–≤–µ–∫–∞ —û –ë–µ–ª–∞—Ä—É—Å—ñ,18468
2020-10-13,https://t.me/cityforcitizens,–ì–æ—Ä–∞–¥ –¥–ª—è –≥–∞—Ä–∞–¥–∂–∞–Ω,1848
2020-10-13,https://t.me/motolkohelp,#–ú–æ—Ç–æ–ª—å–∫–æ–ü–æ–º–æ–≥–∏ —ç—Ç–æ–º—É –≥–æ—Ä–æ–¥–∏—à–∫–æ –æ—Ç 3% –∏–∑–±–∞–≤–∏—Ç—å—Å—è,79359
2020-10-13,https://t.me/nashaniva,–ù–∞—à–∞ –ùi–≤–∞,99729
2020-10-13,https://t.me/symbalby,SYMBAL.BY,6943
2020-10-20,https://t.me/nexta_live,NEXTA Live,1955965
2020-10-20,https://t.me/citydogby,CityDog.by,5543
2020-10-20,https://t.me/cityforcitizens,–ì–æ—Ä–∞–¥ –¥–ª—è –≥–∞—Ä–∞–¥–∂–∞–Ω,1836
2020-10-20,https://t.me/luxta_tv,LUXTA,197990
2020-10-20,https://t.me/belaruspartisanby,–ë–µ–ª–æ—Ä—É—Å—Å–∫–∏–π –ü–∞—Ä—Ç–∏–∑–∞–Ω,9500
2020-10-20,https://t.me/Spoilermen,–°–ø–æ–π–ª–µ—Ä–º—ç–Ω,773
2020-10-20,https://t.me/radiosvaboda,–†–∞–¥—ã—ë –°–≤–∞–±–æ–¥–∞ ‚Äî –ë–µ–ª–∞—Ä—É—Å—å,97583
2020-10-20,https://t.me/kanapa_army,–ö–∞–Ω–∞–ø–∞–≤—ã—è –≤–æ–π—Å–∫—ñ –ë–µ–ª–∞—Ä—É—Å—ñ,4594
2020-10-20,https://t.me/symbalby,SYMBAL.BY,7004
2020-10-20,https://t.me/palchys,PALCHYS,27899
2020-10-20,https://t.me/naviny_by,Naviny.by,12712
2020-10-20,https://t.me/belamova,–ë–µ–ª–∞—Ä—É—Å—å –≥–æ–ª–æ–≤–Ω–æ–≥–æ –º–æ–∑–≥–∞,411192
2020-10-20,https://t.me/shraibman,Shraibman,34041
2020-10-20,https://t.me/belsat,–ë–µ–ª—Å–∞—Ç,107545
2020-10-20,https://t.me/votebelarus2020,–ü–ª–∞—Ç—Ñ–æ—Ä–º–∞ –ì–æ–ª–æ—Å,151293
2020-10-20,https://t.me/HodasevichLive,–•–æ–¥–∞—Å–µ–≤–∏—á LIVE,2130
2020-10-20,https://t.me/mkbelarus,–ú–ê–Ø –ö–†–ê–Ü–ù–ê –ë–ï–õ–ê–†–£–°–¨,208190
2020-10-20,https://t.me/januskevicbooks,–í—ã–¥–∞–≤–µ—Ü—Ç–≤–∞ –Ø–Ω—É—à–∫–µ–≤—ñ—á,499
2020-10-20,https://t.me/UsyLukashenko,–£—Å—ã –õ—É–∫–∞—à–µ–Ω–∫–æ,100016
2020-10-20,https://t.me/spiski_okrestina,–°–ø–∏—Å–∫–∏ –ó–∞–¥–µ—Ä–∂–∞–Ω–Ω—ã—Ö (–ñ–æ–¥–∏–Ω–æ+–û–∫—Ä–µ—Å—Ç–∏–Ω–∞+–ë–∞—Ä–∞–Ω–æ–≤–∏—á–∏),19392
2020-10-20,https://t.me/BlackBookBelarus,–ß–µ—Ä–Ω–∞—è –∫–Ω–∏–≥–∞ –ë–µ–ª–∞—Ä—É—Å–∏,100955
2020-10-20,https://t.me/rada_vision,–ö–æ–æ—Ä–¥–∏–Ω–∞—Ü–∏–æ–Ω–Ω—ã–π —Å–æ–≤–µ—Ç,25552
2020-10-20,https://t.me/belarus_economy,–≠–∫–æ–Ω–æ–º–∏–∫–∞ –ë–µ–ª–∞—Ä—É—Å–∏,42522
2020-10-20,https://t.me/belteanews,–ß–∞–π –∑ –º–∞–ª–∏–Ω–∞–≤—ã–º –≤–∞—Ä—ç–Ω–Ω–µ–º,197020
2020-10-20,https://t.me/iSANS_Belarus,iSANS –ë–µ–ª–∞—Ä—É—Å—å,6531
2020-10-20,https://t.me/terroristybelarusi,"–ö–∞—Ä–∞—Ç–µ–ª–∏ –ë–µ–ª–∞—Ä—É—Å–∏ - –∏–º–µ–Ω–∞, –∞–¥—Ä–µ—Å–∞, —Ä–æ–¥—Å—Ç–≤–µ–Ω–Ω–∏–∫–∏",953
2020-10-20,https://t.me/onlinerby,Onliner,141379
2020-10-20,https://t.me/the_village_me,The Village –ë–µ–ª–∞—Ä—É—Å—å,14662
2020-10-20,https://t.me/lebiadok,Lebiadok,3678
2020-10-20,https://t.me/hrydzinphoto,Hrydzin Phototography,815
2020-10-20,https://t.me/nexta_tv,NEXTA,905787
2020-10-20,https://t.me/sputnikby,Sputnik –ë–µ–ª–∞—Ä—É—Å—å,21965
2020-10-20,https://t.me/s13ru,s13.ru ‚Äì –ù–æ–≤–æ—Å—Ç–∏ –ì—Ä–æ–¥–Ω–æ,19831
2020-10-20,https://t.me/tribuna_by,Tribuna.com –ë–µ–ª–∞—Ä—É—Å—å,14918
2020-10-20,https://t.me/viasna96,–í—è—Å–Ω–∞ / –ü—Ä–∞–≤—ã —á–∞–ª–∞–≤–µ–∫–∞ —û –ë–µ–ª–∞—Ä—É—Å—ñ,18741
2020-10-20,https://t.me/motolkohelp,#–ú–æ—Ç–æ–ª—å–∫–æ–ü–æ–º–æ–≥–∏ —ç—Ç–æ–º—É –≥–æ—Ä–æ–¥–∏—à–∫–æ –æ—Ç 3% –∏–∑–±–∞–≤–∏—Ç—å—Å—è,81329
2020-10-20,https://t.me/stopbotluka,–ö–∏–±–µ—Ä –ü–∞—Ä—Ç–∏–∑–∞–Ω—ã | üü° –≥—Ä—É–ø–ø–∞ | –ë–æ—Ä–µ–º—Å—è —Å –ø—Ä–æ–ø–∞–≥–∞–Ω–¥–æ–π,5804
2020-10-20,https://t.me/studentyBY,–æ—Ç—á–∏—Å–ª–µ–Ω–æ,68291
2020-10-20,https://t.me/charter97_org,–•–∞—Ä—Ç–∏—è-97,67201
2020-10-20,https://t.me/online_belarus,–ë–µ–ª–∞—Ä—É—Å—å Online,196015
2020-10-20,https://t.me/bnkbel,–ë–∞—Å—Ç–∞!,141056
2020-10-20,https://t.me/euroradio,Euroradio,36079
2020-10-20,https://t.me/minsk_block,–ú–∏–Ω—Å–∫. –ü–µ—Ä–µ–∫—Ä—ã—Ç–∏–µ –¥–æ—Ä–æ–≥,1340
2020-10-20,https://t.me/listovki_97,–õ–∏—Å—Ç–æ–≤–∫–∏ 97%,6995
2020-10-20,https://t.me/strana_official,–°—Ç—Ä–∞–Ω–∞ –î–ª—è –ñ–∏–∑–Ω–∏,88582
2020-10-20,https://t.me/nashaniva,–ù–∞—à–∞ –ùi–≤–∞,101039
2020-10-20,https://t.me/pulpervoi,–ü—É–ª –ü–µ—Ä–≤–æ–π,80
2020-10-20,https://t.me/tutby_official,TUT.BY –Ω–æ–≤–æ—Å—Ç–∏,429764
2020-10-20,https://t.me/cyberpartisan,–ö–∏–±–µ—Ä –ü–∞—Ä—Ç–∏–∑–∞–Ω—ã,114
2020-10-20,https://t.me/mediazona_by,–ú–µ–¥–∏–∞–∑–æ–Ω–∞. –ë–µ–ª–∞—Ä—É—Å—å,7415
2020-10-20,https://t.me/by_help,By_Help,5143
2020-10-20,https://t.me/kyky_org,–ö—É–ª—É–∞—Ä—ã KYKY,50799
2020-10-20,https://t.me/chestnokkk,–ß–µ—Å—Ç–Ω–û–ö,1061
2020-10-20,https://t.me/harbatsevich,HARBACEVIƒå,11444
2020-10-20,https://t.me/belarusseichas,–ë–µ–ª–∞—Ä—É—Å—å –°–µ–π—á–∞—Å,191974
2020-10-27,https://t.me/belarus_economy,–≠–∫–æ–Ω–æ–º–∏–∫–∞ –ë–µ–ª–∞—Ä—É—Å–∏,42413
2020-10-27,https://t.me/pulpervoi,–ü—É–ª –ü–µ—Ä–≤–æ–π,84
2020-10-27,https://t.me/studentyBY,–æ—Ç—á–∏—Å–ª–µ–Ω–æ,68280
2020-10-27,https://t.me/kanapa_army,–ö–∞–Ω–∞–ø–∞–≤—ã—è –≤–æ–π—Å–∫—ñ –ë–µ–ª–∞—Ä—É—Å—ñ,4369
2020-10-27,https://t.me/the_village_me,The Village –ë–µ–ª–∞—Ä—É—Å—å,15018
2020-10-27,https://t.me/Spoilermen,–°–ø–æ–π–ª–µ—Ä–º—ç–Ω,783
2020-10-27,https://t.me/mediazona_by,–ú–µ–¥–∏–∞–∑–æ–Ω–∞. –ë–µ–ª–∞—Ä—É—Å—å,7250
2020-10-27,https://t.me/minsk_block,–ú–∏–Ω—Å–∫. –ü–µ—Ä–µ–∫—Ä—ã—Ç–∏–µ –¥–æ—Ä–æ–≥,1378
2020-10-27,https://t.me/iSANS_Belarus,iSANS –ë–µ–ª–∞—Ä—É—Å—å,6497
2020-10-27,https://t.me/UsyLukashenko,–£—Å—ã –õ—É–∫–∞—à–µ–Ω–∫–æ,100444
2020-10-27,https://t.me/belsat,–ë–µ–ª—Å–∞—Ç,110674
2020-10-27,https://t.me/nexta_tv,–ù–ï–•–¢–ê,876691
2020-10-27,https://t.me/harbatsevich,HARBACEVIƒå,11230
2020-10-27,https://t.me/tribuna_by,Tribuna.com –ë–µ–ª–∞—Ä—É—Å—å,14888
2020-10-27,https://t.me/lebiadok,Lebiadok,3740
2020-10-27,https://t.me/cyberpartisan,–ö–∏–±–µ—Ä –ü–∞—Ä—Ç–∏–∑–∞–Ω—ã,142
2020-10-27,https://t.me/citydogby,CityDog.by,5567
2020-10-27,https://t.me/rada_vision,–ö–æ–æ—Ä–¥–∏–Ω–∞—Ü–∏–æ–Ω–Ω—ã–π —Å–æ–≤–µ—Ç,25089
2020-10-27,https://t.me/hrydzinphoto,Hrydzin Phototography,800
2020-10-27,https://t.me/chestnokkk,–ß–µ—Å—Ç–Ω–û–ö,1187
2020-10-27,https://t.me/by_help,By_Help,5348
2020-10-27,https://t.me/euroradio,Euroradio,35945
2020-10-27,https://t.me/votebelarus2020,–ü–ª–∞—Ç—Ñ–æ—Ä–º–∞ –ì–æ–ª–æ—Å,148799
2020-10-27,https://t.me/s13ru,s13.ru ‚Äì –ù–æ–≤–æ—Å—Ç–∏ –ì—Ä–æ–¥–Ω–æ,19977
2020-10-27,https://t.me/stopbotluka,–ö–∏–±–µ—Ä –ü–∞—Ä—Ç–∏–∑–∞–Ω—ã | üü° –≥—Ä—É–ø–ø–∞ | –ë–æ—Ä–µ–º—Å—è —Å –ø—Ä–æ–ø–∞–≥–∞–Ω–¥–æ–π,5547
2020-10-27,https://t.me/kyky_org,–ö—É–ª—É–∞—Ä—ã KYKY,51863
2020-10-27,https://t.me/nexta_live,–ù–ï–•–¢–ê Live,1883444
2020-10-27,https://t.me/januskevicbooks,–í—ã–¥–∞–≤–µ—Ü—Ç–≤–∞ –Ø–Ω—É—à–∫–µ–≤—ñ—á,500
2020-10-27,https://t.me/cityforcitizens,–ì–æ—Ä–∞–¥ –¥–ª—è –≥–∞—Ä–∞–¥–∂–∞–Ω,1824
2020-10-27,https://t.me/listovki_97,–õ–∏—Å—Ç–æ–≤–∫–∏ 97%,7063
2020-10-27,https://t.me/belamova,–ë–µ–ª–∞—Ä—É—Å—å –≥–æ–ª–æ–≤–Ω–æ–≥–æ –º–æ–∑–≥–∞,408034
2020-10-27,https://t.me/mkbelarus,–ú–ê–Ø –ö–†–ê–Ü–ù–ê –ë–ï–õ–ê–†–£–°–¨,205319
2020-10-27,https://t.me/strana_official,–°—Ç—Ä–∞–Ω–∞ –î–ª—è –ñ–∏–∑–Ω–∏,87984
2020-10-27,https://t.me/radiosvaboda,–†–∞–¥—ã—ë –°–≤–∞–±–æ–¥–∞ ‚Äî –ë–µ–ª–∞—Ä—É—Å—å,100335
2020-10-27,https://t.me/tutby_official,TUT.BY –Ω–æ–≤–æ—Å—Ç–∏,436579
2020-10-27,https://t.me/onlinerby,Onliner,143661
2020-10-27,https://t.me/bnkbel,–ë–∞—Å—Ç–∞!,140642
2020-10-27,https://t.me/symbalby,SYMBAL.BY,7145
2020-10-27,https://t.me/naviny_by,Naviny.by,12241
2020-10-27,https://t.me/belarusseichas,–ë–µ–ª–∞—Ä—É—Å—å –°–µ–π—á–∞—Å,189949
2020-10-27,https://t.me/shraibman,Shraibman,34641
2020-10-27,https://t.me/sputnikby,Sputnik –ë–µ–ª–∞—Ä—É—Å—å,21923
2020-10-27,https://t.me/spiski_okrestina,–°–ø–∏—Å–∫–∏ –ó–∞–¥–µ—Ä–∂–∞–Ω–Ω—ã—Ö (–ñ–æ–¥–∏–Ω–æ+–û–∫—Ä–µ—Å—Ç–∏–Ω–∞+–ë–∞—Ä–∞–Ω–æ–≤–∏—á–∏),21138
2020-10-27,https://t.me/belaruspartisanby,–ë–µ–ª–æ—Ä—É—Å—Å–∫–∏–π –ü–∞—Ä—Ç–∏–∑–∞–Ω,9505
2020-10-27,https://t.me/nashaniva,–ù–∞—à–∞ –ùi–≤–∞,103185
2020-10-27,https://t.me/motolkohelp,#–ú–æ—Ç–æ–ª—å–∫–æ–ü–æ–º–æ–≥–∏ —ç—Ç–æ–º—É –≥–æ—Ä–æ–¥–∏—à–∫–æ –æ—Ç 3% –∏–∑–±–∞–≤–∏—Ç—å—Å—è,90861
2020-10-27,https://t.me/palchys,PALCHYS,27385
2020-10-27,https://t.me/luxta_tv,LUXTA,196593
2020-10-27,https://t.me/HodasevichLive,–•–æ–¥–∞—Å–µ–≤–∏—á LIVE,2139
2020-10-27,https://t.me/viasna96,–í—è—Å–Ω–∞ / –ü—Ä–∞–≤—ã —á–∞–ª–∞–≤–µ–∫–∞ —û –ë–µ–ª–∞—Ä—É—Å—ñ,18993
2020-10-27,https://t.me/terroristybelarusi,–ö–∞—Ä–∞—Ç–µ–ª–∏ –ë–µ–ª–∞—Ä—É—Å–∏,988
2020-10-27,https://t.me/belteanews,–ß–∞–π –∑ –º–∞–ª–∏–Ω–∞–≤—ã–º –≤–∞—Ä—ç–Ω–Ω–µ–º,197196
2020-10-27,https://t.me/online_belarus,–ë–µ–ª–∞—Ä—É—Å—å Online,192573
2020-10-27,https://t.me/BlackBookBelarus,–ß–µ—Ä–Ω–∞—è –∫–Ω–∏–≥–∞ –ë–µ–ª–∞—Ä—É—Å–∏,98702
2020-10-27,https://t.me/charter97_org,–•–∞—Ä—Ç–∏—è-97,67173
2020-11-03,https://t.me/strana_official,–°—Ç—Ä–∞–Ω–∞ –î–ª—è –ñ–∏–∑–Ω–∏,87370
2020-11-03,https://t.me/pulpervoi,–ü—É–ª –ü–µ—Ä–≤–æ–π,89
2020-11-03,https://t.me/cyberpartisan,–ö–∏–±–µ—Ä –ü–∞—Ä—Ç–∏–∑–∞–Ω—ã,168
2020-11-03,https://t.me/rada_vision,–ö–æ–æ—Ä–¥–∏–Ω–∞—Ü–∏–æ–Ω–Ω—ã–π —Å–æ–≤–µ—Ç,24798
2020-11-03,https://t.me/harbatsevich,HARBACEVIƒå,11026
2020-11-03,https://t.me/the_village_me,The Village –ë–µ–ª–∞—Ä—É—Å—å,15174
2020-11-03,https://t.me/stopbotluka,–ö–∏–±–µ—Ä –ü–∞—Ä—Ç–∏–∑–∞–Ω—ã | üü° –≥—Ä—É–ø–ø–∞ | –ë–æ—Ä–µ–º—Å—è —Å –ø—Ä–æ–ø–∞–≥–∞–Ω–¥–æ–π,5316
2020-11-03,https://t.me/votebelarus2020,–ü–ª–∞—Ç—Ñ–æ—Ä–º–∞ –ì–æ–ª–æ—Å,146969
2020-11-03,https://t.me/palchys,PALCHYS,27145
2020-11-03,https://t.me/hrydzinphoto,Hrydzin Phototography,788
2020-11-03,https://t.me/motolkohelp,#–ú–æ—Ç–æ–ª—å–∫–æ–ü–æ–º–æ–≥–∏ —ç—Ç–æ–º—É –≥–æ—Ä–æ–¥–∏—à–∫–æ –æ—Ç 3% –∏–∑–±–∞–≤–∏—Ç—å—Å—è,96275
2020-11-03,https://t.me/januskevicbooks,–í—ã–¥–∞–≤–µ—Ü—Ç–≤–∞ –Ø–Ω—É—à–∫–µ–≤—ñ—á,500
2020-11-03,https://t.me/luxta_tv,LUXTA,194178
2020-11-03,https://t.me/onlinerby,Onliner,145817
2020-11-03,https://t.me/nexta_tv,–ù–ï–•–¢–ê,869924
2020-11-03,https://t.me/shraibman,Shraibman,34841
2020-11-03,https://t.me/nashaniva,–ù–∞—à–∞ –ùi–≤–∞,104811
2020-11-03,https://t.me/listovki_97,–õ–∏—Å—Ç–æ–≤–∫–∏ 97%,9027
2020-11-03,https://t.me/chestnokkk,–ß–µ—Å—Ç–Ω–û–ö,1214
2020-11-03,https://t.me/HodasevichLive,–•–æ–¥–∞—Å–µ–≤–∏—á LIVE,2139
2020-11-03,https://t.me/terroristybelarusi,–ö–∞—Ä–∞—Ç–µ–ª–∏ –ë–µ–ª–∞—Ä—É—Å–∏,1011
2020-11-03,https://t.me/radiosvaboda,–†–∞–¥—ã—ë –°–≤–∞–±–æ–¥–∞ ‚Äî –ë–µ–ª–∞—Ä—É—Å—å,100919
2020-11-03,https://t.me/tutby_official,TUT.BY –Ω–æ–≤–æ—Å—Ç–∏,440258
2020-11-03,https://t.me/BlackBookBelarus,–ß–µ—Ä–Ω–∞—è –∫–Ω–∏–≥–∞ –ë–µ–ª–∞—Ä—É—Å–∏,99571
2020-11-03,https://t.me/cityforcitizens,–ì–æ—Ä–∞–¥ –¥–ª—è –≥–∞—Ä–∞–¥–∂–∞–Ω,1811
2020-11-03,https://t.me/naviny_by,Naviny.by,11902
2020-11-03,https://t.me/belarusseichas,–ë–µ–ª–∞—Ä—É—Å—å –°–µ–π—á–∞—Å,187186
2020-11-03,https://t.me/viasna96,–í—è—Å–Ω–∞ / –ü—Ä–∞–≤—ã —á–∞–ª–∞–≤–µ–∫–∞ —û –ë–µ–ª–∞—Ä—É—Å—ñ,19036
2020-11-03,https://t.me/nexta_live,–ù–ï–•–¢–ê Live,1851868
2020-11-03,https://t.me/euroradio,Euroradio,36641
2020-11-03,https://t.me/by_help,By_Help,5493
2020-11-03,https://t.me/symbalby,SYMBAL.BY,7084
2020-11-03,https://t.me/kyky_org,–ö—É–ª—É–∞—Ä—ã KYKY,53026
2020-11-03,https://t.me/sputnikby,Sputnik –ë–µ–ª–∞—Ä—É—Å—å,21729
2020-11-03,https://t.me/tribuna_by,Tribuna.com –ë–µ–ª–∞—Ä—É—Å—å,14966
2020-11-03,https://t.me/Spoilermen,–°–ø–æ–π–ª–µ—Ä–º—ç–Ω,782
2020-11-03,https://t.me/bnkbel,–ë–∞—Å—Ç–∞!,140010
2020-11-03,https://t.me/s13ru,s13.ru ‚Äì –ù–æ–≤–æ—Å—Ç–∏ –ì—Ä–æ–¥–Ω–æ,20009
2020-11-03,https://t.me/belaruspartisanby,–ë–µ–ª–æ—Ä—É—Å—Å–∫–∏–π –ü–∞—Ä—Ç–∏–∑–∞–Ω,9508
2020-11-03,https://t.me/UsyLukashenko,–£—Å—ã –õ—É–∫–∞—à–µ–Ω–∫–æ,100130
2020-11-03,https://t.me/belamova,–ë–µ–ª–∞—Ä—É—Å—å –≥–æ–ª–æ–≤–Ω–æ–≥–æ –º–æ–∑–≥–∞,403556
2020-11-03,https://t.me/spiski_okrestina,–°–ø–∏—Å–∫–∏ –ó–∞–¥–µ—Ä–∂–∞–Ω–Ω—ã—Ö (–ñ–æ–¥–∏–Ω–æ+–û–∫—Ä–µ—Å—Ç–∏–Ω–∞+–ë–∞—Ä–∞–Ω–æ–≤–∏—á–∏),22186
2020-11-03,https://t.me/citydogby,CityDog.by,5567
2020-11-03,https://t.me/belteanews,–ß–∞–π –∑ –º–∞–ª–∏–Ω–∞–≤—ã–º –≤–∞—Ä—ç–Ω–Ω–µ–º,197625
2020-11-03,https://t.me/lebiadok,Lebiadok,3706
2020-11-03,https://t.me/kanapa_army,–ö–∞–Ω–∞–ø–∞–≤—ã—è –≤–æ–π—Å–∫—ñ –ë–µ–ª–∞—Ä—É—Å—ñ,4204
2020-11-03,https://t.me/iSANS_Belarus,iSANS –ë–µ–ª–∞—Ä—É—Å—å,6464
2020-11-03,https://t.me/online_belarus,–ë–µ–ª–∞—Ä—É—Å—å Online,190116
2020-11-03,https://t.me/belsat,–ë–µ–ª—Å–∞—Ç,112476
2020-11-03,https://t.me/mkbelarus,–ú–ê–Ø –ö–†–ê–Ü–ù–ê –ë–ï–õ–ê–†–£–°–¨,202992
2020-11-03,https://t.me/charter97_org,–•–∞—Ä—Ç–∏—è-97,67493
2020-11-03,https://t.me/mediazona_by,–ú–µ–¥–∏–∞–∑–æ–Ω–∞. –ë–µ–ª–∞—Ä—É—Å—å,7265
2020-11-03,https://t.me/minsk_block,–ú–∏–Ω—Å–∫. –ü–µ—Ä–µ–∫—Ä—ã—Ç–∏–µ –¥–æ—Ä–æ–≥,81
2020-11-03,https://t.me/studentyBY,–æ—Ç—á–∏—Å–ª–µ–Ω–æ,70332
2020-11-03,https://t.me/belarus_economy,–≠–∫–æ–Ω–æ–º–∏–∫–∞ –ë–µ–ª–∞—Ä—É—Å–∏,42592
2020-11-10,https://t.me/belaruspartisanby,–ë–µ–ª–æ—Ä—É—Å—Å–∫–∏–π –ü–∞—Ä—Ç–∏–∑–∞–Ω,9493
2020-11-10,https://t.me/viasna96,–í—è—Å–Ω–∞ / –ü—Ä–∞–≤—ã —á–∞–ª–∞–≤–µ–∫–∞ —û –ë–µ–ª–∞—Ä—É—Å—ñ,20055
2020-11-10,https://t.me/Spoilermen,–°–ø–æ–π–ª–µ—Ä–º—ç–Ω,781
2020-11-10,https://t.me/luxta_tv,LUXTA,191122
2020-11-10,https://t.me/nexta_tv,–ù–ï–•–¢–ê,856973
2020-11-10,https://t.me/sputnikby,Sputnik –ë–µ–ª–∞—Ä—É—Å—å,21544
2020-11-10,https://t.me/hrydzinphoto,Hrydzin Phototography,779
2020-11-10,https://t.me/s13ru,s13.ru ‚Äì –ù–æ–≤–æ—Å—Ç–∏ –ì—Ä–æ–¥–Ω–æ,19919
2020-11-10,https://t.me/HodasevichLive,–•–æ–¥–∞—Å–µ–≤–∏—á LIVE,2144
2020-11-10,https://t.me/harbatsevich,HARBACEVIƒå,10856
2020-11-10,https://t.me/belarus_economy,–≠–∫–æ–Ω–æ–º–∏–∫–∞ –ë–µ–ª–∞—Ä—É—Å–∏,42403
2020-11-10,https://t.me/lebiadok,Lebiadok,3685
2020-11-10,https://t.me/charter97_org,–•–∞—Ä—Ç–∏—è-97,67737
2020-11-10,https://t.me/rada_vision,–ö–æ–æ—Ä–¥–∏–Ω–∞—Ü–∏–æ–Ω–Ω—ã–π —Å–æ–≤–µ—Ç,24781
2020-11-10,https://t.me/strana_official,–°—Ç—Ä–∞–Ω–∞ –î–ª—è –ñ–∏–∑–Ω–∏,86787
2020-11-10,https://t.me/belsat,–ë–µ–ª—Å–∞—Ç,112480
2020-11-10,https://t.me/symbalby,SYMBAL.BY,7025
2020-11-10,https://t.me/minsk_block,–ú–∏–Ω—Å–∫. –ü–µ—Ä–µ–∫—Ä—ã—Ç–∏–µ –¥–æ—Ä–æ–≥,79
2020-11-10,https://t.me/bnkbel,–ë–∞—Å—Ç–∞!,138647
2020-11-10,https://t.me/belamova,–ë–µ–ª–∞—Ä—É—Å—å –≥–æ–ª–æ–≤–Ω–æ–≥–æ –º–æ–∑–≥–∞,396993
2020-11-10,https://t.me/nexta_live,–ù–ï–•–¢–ê Live,1815904
2020-11-10,https://t.me/belteanews,–ß–∞–π –∑ –º–∞–ª–∏–Ω–∞–≤—ã–º –≤–∞—Ä—ç–Ω–Ω–µ–º,196551
2020-11-10,https://t.me/naviny_by,Naviny.by,11647
2020-11-10,https://t.me/tribuna_by,Tribuna.com –ë–µ–ª–∞—Ä—É—Å—å,15209
2020-11-10,https://t.me/UsyLukashenko,–£—Å—ã –õ—É–∫–∞—à–µ–Ω–∫–æ,99390
2020-11-10,https://t.me/onlinerby,Onliner,145812
2020-11-10,https://t.me/online_belarus,–ë–µ–ª–∞—Ä—É—Å—å Online,187640
2020-11-10,https://t.me/belarusseichas,–ë–µ–ª–∞—Ä—É—Å—å –°–µ–π—á–∞—Å,184419
2020-11-10,https://t.me/studentyBY,–æ—Ç—á–∏—Å–ª–µ–Ω–æ,70147
2020-11-10,https://t.me/cityforcitizens,–ì–æ—Ä–∞–¥ –¥–ª—è –≥–∞—Ä–∞–¥–∂–∞–Ω,1804
2020-11-10,https://t.me/listovki_97,–õ–∏—Å—Ç–æ–≤–∫–∏ 97%,8774
2020-11-10,https://t.me/spiski_okrestina,–°–ø–∏—Å–∫–∏ –ó–∞–¥–µ—Ä–∂–∞–Ω–Ω—ã—Ö (–ñ–æ–¥–∏–Ω–æ+–û–∫—Ä–µ—Å—Ç–∏–Ω–∞+–ë–∞—Ä–∞–Ω–æ–≤–∏—á–∏),27495
2020-11-10,https://t.me/pulpervoi,–ü—É–ª –ü–µ—Ä–≤–æ–π,89
2020-11-10,https://t.me/BlackBookBelarus,–ß–µ—Ä–Ω–∞—è –∫–Ω–∏–≥–∞ –ë–µ–ª–∞—Ä—É—Å–∏,97989
2020-11-10,https://t.me/palchys,PALCHYS,26720
2020-11-10,https://t.me/iSANS_Belarus,iSANS –ë–µ–ª–∞—Ä—É—Å—å,6483
2020-11-10,https://t.me/terroristybelarusi,–ö–∞—Ä–∞—Ç–µ–ª–∏ –ë–µ–ª–∞—Ä—É—Å–∏,1029
2020-11-10,https://t.me/kyky_org,–ö—É–ª—É–∞—Ä—ã KYKY,53365
2020-11-10,https://t.me/votebelarus2020,–ü–ª–∞—Ç—Ñ–æ—Ä–º–∞ –ì–æ–ª–æ—Å,145564
2020-11-10,https://t.me/stopbotluka,–ö–∏–±–µ—Ä –ü–∞—Ä—Ç–∏–∑–∞–Ω—ã | üü° –≥—Ä—É–ø–ø–∞ | –ë–æ—Ä–µ–º—Å—è —Å –ø—Ä–æ–ø–∞–≥–∞–Ω–¥–æ–π,5445
2020-11-10,https://t.me/shraibman,Shraibman,36466
2020-11-10,https://t.me/euroradio,Euroradio,36466
2020-11-10,https://t.me/chestnokkk,–ß–µ—Å—Ç–Ω–û–ö,1242
2020-11-10,https://t.me/nashaniva,–ù–∞—à–∞ –ùi–≤–∞,104780
2020-11-10,https://t.me/by_help,By_Help,5584
2020-11-10,https://t.me/motolkohelp,#–ú–æ—Ç–æ–ª—å–∫–æ–ü–æ–º–æ–≥–∏ —ç—Ç–æ–º—É –≥–æ—Ä–æ–¥–∏—à–∫–æ –æ—Ç 3% –∏–∑–±–∞–≤–∏—Ç—å—Å—è,99489
2020-11-10,https://t.me/radiosvaboda,–†–∞–¥—ã—ë –°–≤–∞–±–æ–¥–∞ ‚Äî –ë–µ–ª–∞—Ä—É—Å—å,100794
2020-11-10,https://t.me/kanapa_army,–ö–∞–Ω–∞–ø–∞–≤—ã—è –≤–æ–π—Å–∫—ñ –ë–µ–ª–∞—Ä—É—Å—ñ,4072
2020-11-10,https://t.me/januskevicbooks,–í—ã–¥–∞–≤–µ—Ü—Ç–≤–∞ –Ø–Ω—É—à–∫–µ–≤—ñ—á,498
2020-11-10,https://t.me/the_village_me,The Village –ë–µ–ª–∞—Ä—É—Å—å,15360
2020-11-10,https://t.me/cyberpartisan,–ö–∏–±–µ—Ä –ü–∞—Ä—Ç–∏–∑–∞–Ω—ã,184
2020-11-10,https://t.me/tutby_official,TUT.BY –Ω–æ–≤–æ—Å—Ç–∏,441592
2020-11-10,https://t.me/mkbelarus,–ú–ê–Ø –ö–†–ê–Ü–ù–ê –ë–ï–õ–ê–†–£–°–¨,201053
2020-11-10,https://t.me/citydogby,CityDog.by,5553
2020-11-10,https://t.me/mediazona_by,–ú–µ–¥–∏–∞–∑–æ–Ω–∞. –ë–µ–ª–∞—Ä—É—Å—å,7164
2020-11-17,https://t.me/belaruspartisanby,–ë–µ–ª–æ—Ä—É—Å—Å–∫–∏–π –ü–∞—Ä—Ç–∏–∑–∞–Ω,9478
2020-11-17,https://t.me/terroristybelarusi,–ö–∞—Ä–∞—Ç–µ–ª–∏ –ë–µ–ª–∞—Ä—É—Å–∏,1075
2020-11-17,https://t.me/strana_official,–°—Ç—Ä–∞–Ω–∞ –î–ª—è –ñ–∏–∑–Ω–∏,85927
2020-11-17,https://t.me/hrydzinphoto,Hrydzin Phototography,759
2020-11-17,https://t.me/tribuna_by,Tribuna.com –ë–µ–ª–∞—Ä—É—Å—å,15633
2020-11-17,https://t.me/harbatsevich,HARBACEVIƒå,10656
2020-11-17,https://t.me/stopbotluka,–ö–∏–±–µ—Ä –ü–∞—Ä—Ç–∏–∑–∞–Ω—ã | üü° –≥—Ä—É–ø–ø–∞ | –ë–æ—Ä–µ–º—Å—è —Å –ø—Ä–æ–ø–∞–≥–∞–Ω–¥–æ–π,10587
2020-11-17,https://t.me/by_help,By_Help,5961
2020-11-17,https://t.me/the_village_me,The Village –ë–µ–ª–∞—Ä—É—Å—å,16090
2020-11-17,https://t.me/minsk_block,–ú–∏–Ω—Å–∫. –ü–µ—Ä–µ–∫—Ä—ã—Ç–∏–µ –¥–æ—Ä–æ–≥,72
2020-11-17,https://t.me/januskevicbooks,–í—ã–¥–∞–≤–µ—Ü—Ç–≤–∞ –Ø–Ω—É—à–∫–µ–≤—ñ—á,497
2020-11-17,https://t.me/listovki_97,–õ–∏—Å—Ç–æ–≤–∫–∏ 97%,10369
2020-11-17,https://t.me/nexta_live,–ù–ï–•–¢–ê Live,1782400
2020-11-17,https://t.me/luxta_tv,LUXTA,188703
2020-11-17,https://t.me/belsat,–ë–µ–ª—Å–∞—Ç,115159
2020-11-17,https://t.me/shraibman,Shraibman,37061
2020-11-17,https://t.me/rada_vision,–ö–æ–æ—Ä–¥–∏–Ω–∞—Ü–∏–æ–Ω–Ω—ã–π —Å–æ–≤–µ—Ç,24546
2020-11-17,https://t.me/kanapa_army,–ö–∞–Ω–∞–ø–∞–≤—ã—è –≤–æ–π—Å–∫—ñ –ë–µ–ª–∞—Ä—É—Å—ñ,3840
2020-11-17,https://t.me/tutby_official,TUT.BY –Ω–æ–≤–æ—Å—Ç–∏,447588
2020-11-17,https://t.me/belamova,–ë–µ–ª–∞—Ä—É—Å—å –≥–æ–ª–æ–≤–Ω–æ–≥–æ –º–æ–∑–≥–∞,391876
2020-11-17,https://t.me/motolkohelp,#–ú–æ—Ç–æ–ª—å–∫–æ–ü–æ–º–æ–≥–∏,119469
2020-11-17,https://t.me/HodasevichLive,–•–æ–¥–∞—Å–µ–≤–∏—á LIVE,2152
2020-11-17,https://t.me/belteanews,–ß–∞–π –∑ –º–∞–ª–∏–Ω–∞–≤—ã–º –≤–∞—Ä—ç–Ω–Ω–µ–º,195912
2020-11-17,https://t.me/s13ru,s13.ru ‚Äì –ù–æ–≤–æ—Å—Ç–∏ –ì—Ä–æ–¥–Ω–æ,20095
2020-11-17,https://t.me/cityforcitizens,–ì–æ—Ä–∞–¥ –¥–ª—è –≥–∞—Ä–∞–¥–∂–∞–Ω,1742
2020-11-17,https://t.me/nashaniva,–ù–∞—à–∞ –ùi–≤–∞,105496
2020-11-17,https://t.me/online_belarus,–ë–µ–ª–∞—Ä—É—Å—å Online,185003
2020-11-17,https://t.me/mkbelarus,–ú–ê–Ø –ö–†–ê–Ü–ù–ê –ë–ï–õ–ê–†–£–°–¨,198185
2020-11-17,https://t.me/iSANS_Belarus,iSANS –ë–µ–ª–∞—Ä—É—Å—å,6990
2020-11-17,https://t.me/chestnokkk,–ß–µ—Å—Ç–Ω–û–ö,1362
2020-11-17,https://t.me/palchys,PALCHYS,26787
2020-11-17,https://t.me/spiski_okrestina,–°–ø–∏—Å–∫–∏ –ó–∞–¥–µ—Ä–∂–∞–Ω–Ω—ã—Ö (–ñ–æ–¥–∏–Ω–æ+–û–∫—Ä–µ—Å—Ç–∏–Ω–∞+–ë–∞—Ä–∞–Ω–æ–≤–∏—á–∏),33965
2020-11-17,https://t.me/nexta_tv,–ù–ï–•–¢–ê,846703
2020-11-17,https://t.me/bnkbel,–ë–∞—Å—Ç–∞!,138152
2020-11-17,https://t.me/UsyLukashenko,–£—Å—ã –õ—É–∫–∞—à–µ–Ω–∫–æ,99098
2020-11-17,https://t.me/naviny_by,Naviny.by,11310
2020-11-17,https://t.me/charter97_org,–•–∞—Ä—Ç–∏—è-97%,70138
2020-11-17,https://t.me/kyky_org,–ö—É–ª—É–∞—Ä—ã KYKY,55365
2020-11-17,https://t.me/onlinerby,Onliner,147688
2020-11-17,https://t.me/belarus_economy,–≠–∫–æ–Ω–æ–º–∏–∫–∞ –ë–µ–ª–∞—Ä—É—Å–∏,42261
2020-11-17,https://t.me/votebelarus2020,–ü–ª–∞—Ç—Ñ–æ—Ä–º–∞ –ì–æ–ª–æ—Å,146260
2020-11-17,https://t.me/sputnikby,Sputnik –ë–µ–ª–∞—Ä—É—Å—å,21346
2020-11-17,https://t.me/radiosvaboda,–†–∞–¥—ã—ë –°–≤–∞–±–æ–¥–∞ ‚Äî –ë–µ–ª–∞—Ä—É—Å—å,102727
2020-11-17,https://t.me/Spoilermen,–°–ø–æ–π–ª–µ—Ä–º—ç–Ω,776
2020-11-17,https://t.me/citydogby,CityDog.by,5516
2020-11-17,https://t.me/BlackBookBelarus,–ß–µ—Ä–Ω–∞—è –∫–Ω–∏–≥–∞ –ë–µ–ª–∞—Ä—É—Å–∏,98495
2020-11-17,https://t.me/lebiadok,Lebiadok,3675
2020-11-17,https://t.me/studentyBY,–æ—Ç—á–∏—Å–ª–µ–Ω–æ,70224
2020-11-17,https://t.me/mediazona_by,–ú–µ–¥–∏–∞–∑–æ–Ω–∞. –ë–µ–ª–∞—Ä—É—Å—å,7125
2020-11-17,https://t.me/cyberpartisan,–ö–∏–±–µ—Ä –ü–∞—Ä—Ç–∏–∑–∞–Ω—ã,190
2020-11-17,https://t.me/symbalby,SYMBAL.BY,6923
2020-11-17,https://t.me/euroradio,Euroradio,37138
2020-11-17,https://t.me/belarusseichas,–ë–µ–ª–∞—Ä—É—Å—å –°–µ–π—á–∞—Å,181574
2020-11-17,https://t.me/viasna96,–í—è—Å–Ω–∞ / –ü—Ä–∞–≤—ã —á–∞–ª–∞–≤–µ–∫–∞ —û –ë–µ–ª–∞—Ä—É—Å—ñ,20884
2020-11-17,https://t.me/pulpervoi,–ü—É–ª –ü–µ—Ä–≤–æ–π,90
2020-11-24,https://t.me/votebelarus2020,–ü–ª–∞—Ç—Ñ–æ—Ä–º–∞ –ì–æ–ª–æ—Å,148749
2020-11-24,https://t.me/strana_official,–°—Ç—Ä–∞–Ω–∞ –î–ª—è –ñ–∏–∑–Ω–∏,85273
2020-11-24,https://t.me/belaruspartisanby,–ë–µ–ª–æ—Ä—É—Å—Å–∫–∏–π –ü–∞—Ä—Ç–∏–∑–∞–Ω,9496
2020-11-24,https://t.me/iSANS_Belarus,iSANS –ë–µ–ª–∞—Ä—É—Å—å,7415
2020-11-24,https://t.me/online_belarus,–ë–µ–ª–∞—Ä—É—Å—å Online,182438
2020-11-24,https://t.me/viasna96,–í—è—Å–Ω–∞ / –ü—Ä–∞–≤—ã —á–∞–ª–∞–≤–µ–∫–∞ —û –ë–µ–ª–∞—Ä—É—Å—ñ,20873
2020-11-24,https://t.me/januskevicbooks,–í—ã–¥–∞–≤–µ—Ü—Ç–≤–∞ –Ø–Ω—É—à–∫–µ–≤—ñ—á,499
2020-11-24,https://t.me/HodasevichLive,–•–æ–¥–∞—Å–µ–≤–∏—á LIVE,2168
2020-11-24,https://t.me/luxta_tv,LUXTA,189731
2020-11-24,https://t.me/listovki_97,–õ–∏—Å—Ç–æ–≤–∫–∏ 97%,10959
2020-11-24,https://t.me/stopbotluka,–ö–∏–±–µ—Ä –ü–∞—Ä—Ç–∏–∑–∞–Ω—ã | üü° –≥—Ä—É–ø–ø–∞ | –ë–æ—Ä–µ–º—Å—è —Å –ø—Ä–æ–ø–∞–≥–∞–Ω–¥–æ–π,10201
2020-11-24,https://t.me/kyky_org,–ö—É–ª—É–∞—Ä—ã KYKY,57080
2020-11-24,https://t.me/kolenkaluka,–•–∏—Ç—Ä—ã–π –ö–æ–ª—è,63302
2020-11-24,https://t.me/viktarbabarykaofficial,–í–∏–∫—Ç–æ—Ä –ë–∞–±–∞—Ä–∏–∫–æ ‚Äî –æ—Ñ–∏—Ü–∏–∞–ª—å–Ω—ã–π –∫–∞–Ω–∞–ª,39983
2020-11-24,https://t.me/belamova,–ë–µ–ª–∞—Ä—É—Å—å –≥–æ–ª–æ–≤–Ω–æ–≥–æ –º–æ–∑–≥–∞,385331
2020-11-24,https://t.me/Spoilermen,–°–ø–æ–π–ª–µ—Ä–º—ç–Ω,775
2020-11-24,https://t.me/mc_maxim,–†–∞–±–æ—Ç–∞–µ–º —Å –ü—É—à–∫–∏–Ω—ã–º!,81908
2020-11-24,https://t.me/minsk_block,–ú–∏–Ω—Å–∫. –ü–µ—Ä–µ–∫—Ä—ã—Ç–∏–µ –¥–æ—Ä–æ–≥,70
2020-11-24,https://t.me/mkbelarus,–ú–ê–Ø –ö–†–ê–Ü–ù–ê –ë–ï–õ–ê–†–£–°–¨,196567
2020-11-24,https://t.me/spiski_okrestina,–°–ø–∏—Å–∫–∏ –ó–∞–¥–µ—Ä–∂–∞–Ω–Ω—ã—Ö (–ñ–æ–¥–∏–Ω–æ+–û–∫—Ä–µ—Å—Ç–∏–Ω–∞+–ë–∞—Ä–∞–Ω–æ–≤–∏—á–∏+–ú–æ–≥–∏–ª–µ–≤),34369
2020-11-24,https://t.me/onlinerby,Onliner,148547
2020-11-24,https://t.me/BlackBookBelarus,–ß–µ—Ä–Ω–∞—è –∫–Ω–∏–≥–∞ –ë–µ–ª–∞—Ä—É—Å–∏,98369
2020-11-24,https://t.me/sputnikby,Sputnik –ë–µ–ª–∞—Ä—É—Å—å,21215
2020-11-24,https://t.me/by_help,By_Help,5972
2020-11-24,https://t.me/nexta_tv,–ù–ï–•–¢–ê,843853
2020-11-24,https://t.me/motolkohelp,#–ú–æ—Ç–æ–ª—å–∫–æ–ü–æ–º–æ–≥–∏,124904
2020-11-24,https://t.me/studentyBY,–æ—Ç—á–∏—Å–ª–µ–Ω–æ,69766
2020-11-24,https://t.me/naviny_by,Naviny.by,11151
2020-11-24,https://t.me/palchys,PALCHYS,26368
2020-11-24,https://t.me/hrydzinphoto,Hrydzin Phototography,749
2020-11-24,https://t.me/latushka,–ü–∞–≤–µ–ª –õ–∞—Ç—É—à–∫–æ | Pavel Latushka,52521
2020-11-24,https://t.me/bnkbel,–ë–∞—Å—Ç–∞!,137505
2020-11-24,https://t.me/tutby_official,TUT.BY –Ω–æ–≤–æ—Å—Ç–∏,449214
2020-11-24,https://t.me/euroradio,Euroradio,37221
2020-11-24,https://t.me/mediazona_by,–ú–µ–¥–∏–∞–∑–æ–Ω–∞. –ë–µ–ª–∞—Ä—É—Å—å,7062
2020-11-24,https://t.me/chestnokkk,–ß–µ—Å—Ç–Ω–û–ö,1374
2020-11-24,https://t.me/nexta_live,–ù–ï–•–¢–ê Live,1758143
2020-11-24,https://t.me/nashaniva,–ù–∞—à–∞ –ùi–≤–∞,105923
2020-11-24,https://t.me/koko_by,–ú–µ—Ä–∑–∫–∏–π –ö–æ–∫–æ–±–∞–π,110837
2020-11-24,https://t.me/rada_vision,–ö–æ–æ—Ä–¥–∏–Ω–∞—Ü–∏–æ–Ω–Ω—ã–π —Å–æ–≤–µ—Ç,24331
2020-11-24,https://t.me/UsyLukashenko,–£—Å—ã –õ—É–∫–∞—à–µ–Ω–∫–æ,101500
2020-11-24,https://t.me/belarus_economy,–≠–∫–æ–Ω–æ–º–∏–∫–∞ –ë–µ–ª–∞—Ä—É—Å–∏,42011
2020-11-24,https://t.me/the_village_me,The Village –ë–µ–ª–∞—Ä—É—Å—å,16196
2020-11-24,https://t.me/belarusseichas,–ë–µ–ª–∞—Ä—É—Å—å –°–µ–π—á–∞—Å,178899
2020-11-24,https://t.me/shraibman,Shraibman,40541
2020-11-24,https://t.me/harbatsevich,HARBACEVIƒå,10572
2020-11-24,https://t.me/terroristybelarusi,–ö–∞—Ä–∞—Ç–µ–ª–∏ –ë–µ–ª–∞—Ä—É—Å–∏,1083
2020-11-24,https://t.me/belhalat_by,–ë–µ–ª—ã–µ –•–∞–ª–∞—Ç—ã. New,48005
2020-11-24,https://t.me/radiosvaboda,–†–∞–¥—ã—ë –°–≤–∞–±–æ–¥–∞ ‚Äî –ë–µ–ª–∞—Ä—É—Å—å,102689
2020-11-24,https://t.me/lebiadok,Lebiadok,3659
2020-11-24,https://t.me/charter97_org,–•–∞—Ä—Ç–∏—è-97%,71128
2020-11-24,https://t.me/belteanews,–ß–∞–π –∑ –º–∞–ª–∏–Ω–∞–≤—ã–º –≤–∞—Ä—ç–Ω–Ω–µ–º,196335
2020-11-24,https://t.me/zashkvarka_org,–ó–∞—à–∫–≤–∞—Ä–∫–∞¬∞,4839
2020-11-24,https://t.me/vybory_smotri,–í—ã–±–æ—Ä—ã –≤–∏–¥–∏—à—å? | TUT.BY –ü–æ–ª–∏—Ç–∏–∫–∞,76005
2020-11-24,https://t.me/tribuna_by,Tribuna.com –ë–µ–ª–∞—Ä—É—Å—å,16000
2020-11-24,https://t.me/symbalby,SYMBAL.BY,6854
2020-11-24,https://t.me/belsat,–ë–µ–ª—Å–∞—Ç,115743
2020-11-24,https://t.me/citydogby,CityDog.by,5540
2020-11-24,https://t.me/tsikhanouskaya,–°–≤–µ—Ç–ª–∞–Ω–∞ –¢–∏—Ö–∞–Ω–æ–≤—Å–∫–∞—è,105800
2020-11-24,https://t.me/kanapa_army,–ö–∞–Ω–∞–ø–∞–≤—ã—è –≤–æ–π—Å–∫—ñ –ë–µ–ª–∞—Ä—É—Å—ñ,3739
2020-11-24,https://t.me/s13ru,s13.ru ‚Äì –ù–æ–≤–æ—Å—Ç–∏ –ì—Ä–æ–¥–Ω–æ,20015
2020-11-24,https://t.me/cityforcitizens,–ì–æ—Ä–∞–¥ –¥–ª—è –≥–∞—Ä–∞–¥–∂–∞–Ω,1735
2020-12-01,https://t.me/mc_maxim,–†–∞–±–æ—Ç–∞–µ–º —Å –ü—É—à–∫–∏–Ω—ã–º!,81536
2020-12-01,https://t.me/mediazona_by,–ú–µ–¥–∏–∞–∑–æ–Ω–∞. –ë–µ–ª–∞—Ä—É—Å—å,6980
2020-12-01,https://t.me/zashkvarka_org,–ó–∞—à–∫–≤–∞—Ä–∫–∞¬∞,4860
2020-12-01,https://t.me/hrydzinphoto,Hrydzin Phototography,741
2020-12-01,https://t.me/online_belarus,–ë–µ–ª–∞—Ä—É—Å—å Online,180226
2020-12-01,https://t.me/citydogby,CityDog.by,5563
2020-12-01,https://t.me/nexta_live,–ù–ï–•–¢–ê Live,1732746
2020-12-01,https://t.me/onlinerby,Onliner,148328
2020-12-01,https://t.me/tutby_official,TUT.BY –Ω–æ–≤–æ—Å—Ç–∏,448606
2020-12-01,https://t.me/UsyLukashenko,–£—Å—ã –õ—É–∫–∞—à–µ–Ω–∫–æ,101116
2020-12-01,https://t.me/BlackBookBelarus,–ß–µ—Ä–Ω–∞—è –∫–Ω–∏–≥–∞ –ë–µ–ª–∞—Ä—É—Å–∏,96919
2020-12-01,https://t.me/listovki_97,–õ–∏—Å—Ç–æ–≤–∫–∏ 97%,10996
2020-12-01,https://t.me/vybory_smotri,–í—ã–±–æ—Ä—ã –≤–∏–¥–∏—à—å? | TUT.BY –ü–æ–ª–∏—Ç–∏–∫–∞,76035
2020-12-01,https://t.me/votebelarus2020,–ü–õ–ê–¢–§–û–†–ú–ê –ì–û–õ–û–° | –Ω–æ–≤–æ—Å—Ç–∏,148073
2020-12-01,https://t.me/by_help,By_Help,5968
2020-12-01,https://t.me/s13ru,s13.ru ‚Äì –ù–æ–≤–æ—Å—Ç–∏ –ì—Ä–æ–¥–Ω–æ,19906
2020-12-01,https://t.me/studentyBY,–æ—Ç—á–∏—Å–ª–µ–Ω–æ,69393
2020-12-01,https://t.me/cityforcitizens,–ì–æ—Ä–∞–¥ –¥–ª—è –≥–∞—Ä–∞–¥–∂–∞–Ω,1722
2020-12-01,https://t.me/the_village_me,The Village –ë–µ–ª–∞—Ä—É—Å—å,16152
2020-12-01,https://t.me/nashaniva,–ù–∞—à–∞ –ùi–≤–∞,105671
2020-12-01,https://t.me/stopbotluka,–ö–∏–±–µ—Ä –ü–∞—Ä—Ç–∏–∑–∞–Ω—ã | üü° –≥—Ä—É–ø–ø–∞ | –ë–æ—Ä–µ–º—Å—è —Å –ø—Ä–æ–ø–∞–≥–∞–Ω–¥–æ–π,9907
2020-12-01,https://t.me/belamova,–ë–µ–ª–∞—Ä—É—Å—å –≥–æ–ª–æ–≤–Ω–æ–≥–æ –º–æ–∑–≥–∞,380009
2020-12-01,https://t.me/terroristybelarusi,–ö–∞—Ä–∞—Ç–µ–ª–∏ –ë–µ–ª–∞—Ä—É—Å–∏,1095
2020-12-01,https://t.me/belteanews,–ß–∞–π –∑ –º–∞–ª–∏–Ω–∞–≤—ã–º –≤–∞—Ä—ç–Ω–Ω–µ–º,195932
2020-12-01,https://t.me/lebiadok,Lebiadok,3650
2020-12-01,https://t.me/januskevicbooks,–í—ã–¥–∞–≤–µ—Ü—Ç–≤–∞ –Ø–Ω—É—à–∫–µ–≤—ñ—á,502
2020-12-01,https://t.me/belhalat_by,–ë–µ–ª—ã–µ –•–∞–ª–∞—Ç—ã. News,50704
2020-12-01,https://t.me/tsikhanouskaya,–°–≤–µ—Ç–ª–∞–Ω–∞ –¢–∏—Ö–∞–Ω–æ–≤—Å–∫–∞—è,104740
2020-12-01,https://t.me/nexta_tv,–ù–ï–•–¢–ê,834198
2020-12-01,https://t.me/naviny_by,Naviny.by,10974
2020-12-01,https://t.me/spiski_okrestina,–°–ø–∏—Å–∫–∏ –ó–∞–¥–µ—Ä–∂–∞–Ω–Ω—ã—Ö (–ñ–æ–¥–∏–Ω–æ+–û–∫—Ä–µ—Å—Ç–∏–Ω–∞+–ë–∞—Ä–∞–Ω–æ–≤–∏—á–∏+–ú–æ–≥–∏–ª–µ–≤),34206
2020-12-01,https://t.me/belarusseichas,–ë–µ–ª–∞—Ä—É—Å—å –°–µ–π—á–∞—Å,176160
2020-12-01,https://t.me/bnkbel,–ë–∞—Å—Ç–∞!,136704
2020-12-01,https://t.me/belsat,–ë–µ–ª—Å–∞—Ç,115317
2020-12-01,https://t.me/kanapa_army,–ö–∞–Ω–∞–ø–∞–≤—ã—è –≤–æ–π—Å–∫—ñ –ë–µ–ª–∞—Ä—É—Å—ñ,3664
2020-12-01,https://t.me/luxta_tv,LUXTA,189127
2020-12-01,https://t.me/kolenkaluka,–•–∏—Ç—Ä—ã–π –ö–æ–ª—è,61833
2020-12-01,https://t.me/iSANS_Belarus,iSANS –ë–µ–ª–∞—Ä—É—Å—å,7752
2020-12-01,https://t.me/viktarbabarykaofficial,–í–∏–∫—Ç–æ—Ä –ë–∞–±–∞—Ä–∏–∫–æ ‚Äî –æ—Ñ–∏—Ü–∏–∞–ª—å–Ω—ã–π –∫–∞–Ω–∞–ª,39381
2020-12-01,https://t.me/strana_official,–°—Ç—Ä–∞–Ω–∞ –î–ª—è –ñ–∏–∑–Ω–∏,84469
2020-12-01,https://t.me/tribuna_by,Tribuna.com –ë–µ–ª–∞—Ä—É—Å—å,16174
2020-12-01,https://t.me/euroradio,Euroradio,37042
2020-12-01,https://t.me/sputnikby,Sputnik –ë–µ–ª–∞—Ä—É—Å—å,21022
2020-12-01,https://t.me/charter97_org,–•–∞—Ä—Ç–∏—è-97%,71415
2020-12-01,https://t.me/belarus_economy,–≠–∫–æ–Ω–æ–º–∏–∫–∞ –ë–µ–ª–∞—Ä—É—Å–∏,41700
2020-12-01,https://t.me/viasna96,–í—è—Å–Ω–∞ / –ü—Ä–∞–≤—ã —á–∞–ª–∞–≤–µ–∫–∞ —û –ë–µ–ª–∞—Ä—É—Å—ñ,21016
2020-12-01,https://t.me/chestnokkk,–ß–µ—Å—Ç–Ω–û–ö,1409
2020-12-01,https://t.me/belaruspartisanby,–ë–µ–ª–æ—Ä—É—Å—Å–∫–∏–π –ü–∞—Ä—Ç–∏–∑–∞–Ω,9495
2020-12-01,https://t.me/kyky_org,–ö—É–ª—É–∞—Ä—ã KYKY,57359
2020-12-01,https://t.me/koko_by,–ú–µ—Ä–∑–∫–∏–π –ö–æ–∫–æ–±–∞–π,110792
2020-12-01,https://t.me/Spoilermen,–°–ø–æ–π–ª–µ—Ä–º—ç–Ω,772
2020-12-01,https://t.me/mkbelarus,–ú–ê–Ø –ö–†–ê–Ü–ù–ê –ë–ï–õ–ê–†–£–°–¨,197062
2020-12-01,https://t.me/harbatsevich,HARBACEVIƒå,10488
2020-12-01,https://t.me/minsk_block,–ú–∏–Ω—Å–∫. –ü–µ—Ä–µ–∫—Ä—ã—Ç–∏–µ –¥–æ—Ä–æ–≥,68
2020-12-01,https://t.me/shraibman,Shraibman,40723
2020-12-01,https://t.me/palchys,PALCHYS,26016
2020-12-01,https://t.me/HodasevichLive,–•–æ–¥–∞—Å–µ–≤–∏—á LIVE,2189
2020-12-01,https://t.me/motolkohelp,–ú–æ—Ç–æ–ª—å–∫–æ–ü–æ–º–æ–≥–∏,127994
2020-12-01,https://t.me/symbalby,SYMBAL.BY,6788
2020-12-01,https://t.me/rada_vision,–ö–æ–æ—Ä–¥–∏–Ω–∞—Ü–∏–æ–Ω–Ω—ã–π —Å–æ–≤–µ—Ç,24055
2020-12-01,https://t.me/latushka,–ü–∞–≤–µ–ª –õ–∞—Ç—É—à–∫–æ | Pavel Latushka,52473
2020-12-01,https://t.me/radiosvaboda,–†–∞–¥—ã—ë –°–≤–∞–±–æ–¥–∞ ‚Äî –ë–µ–ª–∞—Ä—É—Å—å,102126
2020-12-08,https://t.me/belhalat_by,–ë–µ–ª—ã–µ –•–∞–ª–∞—Ç—ã. News,52002
2020-12-08,https://t.me/bnkbel,–ë–∞—Å—Ç–∞!,135220
2020-12-08,https://t.me/s13ru,s13.ru ‚Äì –ù–æ–≤–æ—Å—Ç–∏ –ì—Ä–æ–¥–Ω–æ,19798
2020-12-08,https://t.me/nexta_tv,NEXTA,827025
2020-12-08,https://t.me/onlinerby,Onliner,147840
2020-12-08,https://t.me/viktarbabarykaofficial,–í–∏–∫—Ç–æ—Ä –ë–∞–±–∞—Ä–∏–∫–æ ‚Äî –æ—Ñ–∏—Ü–∏–∞–ª—å–Ω—ã–π –∫–∞–Ω–∞–ª,38732
2020-12-08,https://t.me/iSANS_Belarus,iSANS –ë–µ–ª–∞—Ä—É—Å—å,7854
2020-12-08,https://t.me/listovki_97,–õ–∏—Å—Ç–æ–≤–∫–∏ 97%,11092
2020-12-08,https://t.me/belteanews,–ß–∞–π –∑ –º–∞–ª–∏–Ω–∞–≤—ã–º –≤–∞—Ä—ç–Ω–Ω–µ–º,195013
2020-12-08,https://t.me/belaruspartisanby,–ë–µ–ª–æ—Ä—É—Å—Å–∫–∏–π –ü–∞—Ä—Ç–∏–∑–∞–Ω,9415
2020-12-08,https://t.me/belarusseichas,–ë–µ–ª–∞—Ä—É—Å—å –°–µ–π—á–∞—Å,173276
2020-12-08,https://t.me/vybory_smotri,–í—ã–±–æ—Ä—ã –≤–∏–¥–∏—à—å? | TUT.BY –ü–æ–ª–∏—Ç–∏–∫–∞,75438
2020-12-08,https://t.me/kanapa_army,–ö–∞–Ω–∞–ø–∞–≤—ã—è –≤–æ–π—Å–∫—ñ –ë–µ–ª–∞—Ä—É—Å—ñ,3570
2020-12-08,https://t.me/belarus_economy,–≠–∫–æ–Ω–æ–º–∏–∫–∞ –ë–µ–ª–∞—Ä—É—Å–∏,41957
2020-12-08,https://t.me/rada_vision,–ö–æ–æ—Ä–¥–∏–Ω–∞—Ü–∏–æ–Ω–Ω—ã–π —Å–æ–≤–µ—Ç,23720
2020-12-08,https://t.me/sputnikby,Sputnik –ë–µ–ª–∞—Ä—É—Å—å,20830
2020-12-08,https://t.me/citydogby,CityDog.by,5591
2020-12-08,https://t.me/lebiadok,Lebiadok,4258
2020-12-08,https://t.me/by_help,By_Help,5982
2020-12-08,https://t.me/HodasevichLive,–•–æ–¥–∞—Å–µ–≤–∏—á LIVE,2188
2020-12-08,https://t.me/mc_maxim,–†–∞–±–æ—Ç–∞–µ–º —Å –ü—É—à–∫–∏–Ω—ã–º!,81910
2020-12-08,https://t.me/nexta_live,NEXTA Live,1705512
2020-12-08,https://t.me/naviny_by,Naviny.by,10798
2020-12-08,https://t.me/nashaniva,–ù–∞—à–∞ –ùi–≤–∞,104960
2020-12-08,https://t.me/tutby_official,TUT.BY –Ω–æ–≤–æ—Å—Ç–∏,447720
2020-12-08,https://t.me/radiosvaboda,–†–∞–¥—ã—ë –°–≤–∞–±–æ–¥–∞ ‚Äî –ë–µ–ª–∞—Ä—É—Å—å,101156
2020-12-08,https://t.me/charter97_org,–•–∞—Ä—Ç–∏—è-97%,71185
2020-12-08,https://t.me/kyky_org,–ö—É–ª—É–∞—Ä—ã KYKY,57374
2020-12-08,https://t.me/koko_by,–ú–µ—Ä–∑–∫–∏–π –ö–æ–∫–æ–±–∞–π,110552
2020-12-08,https://t.me/BlackBookBelarus,–ß–µ—Ä–Ω–∞—è –∫–Ω–∏–≥–∞ –ë–µ–ª–∞—Ä—É—Å–∏,95559
2020-12-08,https://t.me/mkbelarus,–ú–ê–Ø –ö–†–ê–Ü–ù–ê –ë–ï–õ–ê–†–£–°–¨,194482
2020-12-08,https://t.me/mediazona_by,–ú–µ–¥–∏–∞–∑–æ–Ω–∞. –ë–µ–ª–∞—Ä—É—Å—å,7613
2020-12-08,https://t.me/symbalby,SYMBAL.BY,6734
2020-12-08,https://t.me/tribuna_by,Tribuna.com –ë–µ–ª–∞—Ä—É—Å—å,16318
2020-12-08,https://t.me/motolkohelp,–ú–æ—Ç–æ–ª—å–∫–æ–ü–æ–º–æ–≥–∏,129596
2020-12-08,https://t.me/votebelarus2020,–ü–õ–ê–¢–§–û–†–ú–ê –ì–û–õ–û–° | –Ω–æ–≤–æ—Å—Ç–∏,148623
2020-12-08,https://t.me/luxta_tv,LUXTA,187235
2020-12-08,https://t.me/studentyBY,–æ—Ç—á–∏—Å–ª–µ–Ω–æ,68898
2020-12-08,https://t.me/harbatsevich,HARBACEVIƒå,10395
2020-12-08,https://t.me/cityforcitizens,–ì–æ—Ä–∞–¥ –¥–ª—è –≥–∞—Ä–∞–¥–∂–∞–Ω,1706
2020-12-08,https://t.me/belsat,–ë–µ–ª—Å–∞—Ç,114935
2020-12-08,https://t.me/hrydzinphoto,Hrydzin Phototography,732
2020-12-08,https://t.me/latushka,–ü–∞–≤–µ–ª –õ–∞—Ç—É—à–∫–æ | Pavel Latushka,51911
2020-12-08,https://t.me/strana_official,–°—Ç—Ä–∞–Ω–∞ –î–ª—è –ñ–∏–∑–Ω–∏,83645
2020-12-08,https://t.me/the_village_me,The Village –ë–µ–ª–∞—Ä—É—Å—å,16301
2020-12-08,https://t.me/minsk_block,–ú–∏–Ω—Å–∫. –ü–µ—Ä–µ–∫—Ä—ã—Ç–∏–µ –¥–æ—Ä–æ–≥,66
2020-12-08,https://t.me/UsyLukashenko,–£—Å—ã –õ—É–∫–∞—à–µ–Ω–∫–æ,100210
2020-12-08,https://t.me/kolenkaluka,–•–∏—Ç—Ä—ã–π –ö–æ–ª—è,60315
2020-12-08,https://t.me/viasna96,–í—è—Å–Ω–∞ / –ü—Ä–∞–≤—ã —á–∞–ª–∞–≤–µ–∫–∞ —û –ë–µ–ª–∞—Ä—É—Å—ñ,20952
2020-12-08,https://t.me/palchys,PALCHYS,25715
2020-12-08,https://t.me/chestnokkk,–ß–µ—Å—Ç–Ω–û–ö,1537
2020-12-08,https://t.me/belamova,–ë–µ–ª–∞—Ä—É—Å—å –≥–æ–ª–æ–≤–Ω–æ–≥–æ –º–æ–∑–≥–∞,374369
2020-12-08,https://t.me/terroristybelarusi,–ö–∞—Ä–∞—Ç–µ–ª–∏ –ë–µ–ª–∞—Ä—É—Å–∏,1115
2020-12-08,https://t.me/Spoilermen,–°–ø–æ–π–ª–µ—Ä–º—ç–Ω,771
2020-12-08,https://t.me/euroradio,Euroradio,36920
2020-12-08,https://t.me/januskevicbooks,–í—ã–¥–∞–≤–µ—Ü—Ç–≤–∞ –Ø–Ω—É—à–∫–µ–≤—ñ—á,504
2020-12-08,https://t.me/stopbotluka,–ö–∏–±–µ—Ä –ü–∞—Ä—Ç–∏–∑–∞–Ω—ã | üü° –≥—Ä—É–ø–ø–∞ | –ë–æ—Ä–µ–º—Å—è —Å –ø—Ä–æ–ø–∞–≥–∞–Ω–¥–æ–π,10148
2020-12-08,https://t.me/online_belarus,–ë–µ–ª–∞—Ä—É—Å—å Online,178108
2020-12-08,https://t.me/tsikhanouskaya,–°–≤–µ—Ç–ª–∞–Ω–∞ –¢–∏—Ö–∞–Ω–æ–≤—Å–∫–∞—è,104017
2020-12-08,https://t.me/shraibman,Shraibman,42263
2020-12-08,https://t.me/zashkvarka_org,–ó–∞—à–∫–≤–∞—Ä–∫–∞¬∞,4905
2020-12-08,https://t.me/spiski_okrestina,–°–ø–∏—Å–∫–∏ –ó–∞–¥–µ—Ä–∂–∞–Ω–Ω—ã—Ö (–ñ–æ–¥–∏–Ω–æ+–û–∫—Ä–µ—Å—Ç–∏–Ω–∞+–ë–∞—Ä–∞–Ω–æ–≤–∏—á–∏+–ú–æ–≥–∏–ª–µ–≤),34381
2020-12-15,https://t.me/spiski_okrestina,–°–ø–∏—Å–∫–∏ –ó–∞–¥–µ—Ä–∂–∞–Ω–Ω—ã—Ö (–ñ–æ–¥–∏–Ω–æ+–û–∫—Ä–µ—Å—Ç–∏–Ω–∞+–ë–∞—Ä–∞–Ω–æ–≤–∏—á–∏+–ú–æ–≥–∏–ª–µ–≤),34457
2020-12-15,https://t.me/sputnikby,Sputnik –ë–µ–ª–∞—Ä—É—Å—å,20603
2020-12-15,https://t.me/latushka,–ü–∞–≤–µ–ª –õ–∞—Ç—É—à–∫–æ | Pavel Latushka,51166
2020-12-15,https://t.me/vybory_smotri,–í—ã–±–æ—Ä—ã –≤–∏–¥–∏—à—å? | TUT.BY –ü–æ–ª–∏—Ç–∏–∫–∞,74763
2020-12-15,https://t.me/shraibman,Shraibman,42587
2020-12-15,https://t.me/lebiadok,Lebiadok,4237
2020-12-15,https://t.me/listovki_97,–õ–∏—Å—Ç–æ–≤–∫–∏ 97%,11108
2020-12-15,https://t.me/rada_vision,–ö–æ–æ—Ä–¥–∏–Ω–∞—Ü–∏–æ–Ω–Ω—ã–π —Å–æ–≤–µ—Ç,23280
2020-12-15,https://t.me/naviny_by,Naviny.by,10614
2020-12-15,https://t.me/stopbotluka,–ö–∏–±–µ—Ä –ü–∞—Ä—Ç–∏–∑–∞–Ω—ã | üü° –≥—Ä—É–ø–ø–∞ | –ë–æ—Ä–µ–º—Å—è —Å –ø—Ä–æ–ø–∞–≥–∞–Ω–¥–æ–π,10944
2020-12-15,https://t.me/BlackBookBelarus,–ß–µ—Ä–Ω–∞—è –∫–Ω–∏–≥–∞ –ë–µ–ª–∞—Ä—É—Å–∏,94687
2020-12-15,https://t.me/onlinerby,Onliner,147296
2020-12-15,https://t.me/luxta_tv,LUXTA,186358
2020-12-15,https://t.me/belamova,–ë–µ–ª–∞—Ä—É—Å—å –≥–æ–ª–æ–≤–Ω–æ–≥–æ –º–æ–∑–≥–∞,367960
2020-12-15,https://t.me/belarus_economy,–≠–∫–æ–Ω–æ–º–∏–∫–∞ –ë–µ–ª–∞—Ä—É—Å–∏,41716
2020-12-15,https://t.me/minsk_block,–ú–∏–Ω—Å–∫. –ü–µ—Ä–µ–∫—Ä—ã—Ç–∏–µ –¥–æ—Ä–æ–≥,62
2020-12-15,https://t.me/belsat,–ë–µ–ª—Å–∞—Ç,114002
2020-12-15,https://t.me/strana_official,–°—Ç—Ä–∞–Ω–∞ –î–ª—è –ñ–∏–∑–Ω–∏,82322
2020-12-15,https://t.me/Spoilermen,–°–ø–æ–π–ª–µ—Ä–º—ç–Ω,772
2020-12-15,https://t.me/koko_by,–ú–µ—Ä–∑–∫–∏–π –ö–æ–∫–æ–±–∞–π,110383
2020-12-15,https://t.me/belhalat_by,–ë–µ–ª—ã–µ –•–∞–ª–∞—Ç—ã. News,51694
2020-12-15,https://t.me/viktarbabarykaofficial,–í–∏–∫—Ç–æ—Ä –ë–∞–±–∞—Ä–∏–∫–æ ‚Äî –æ—Ñ–∏—Ü–∏–∞–ª—å–Ω—ã–π –∫–∞–Ω–∞–ª,38028
2020-12-15,https://t.me/palchys,PALCHYS,25386
2020-12-15,https://t.me/s13ru,s13.ru ‚Äì –ù–æ–≤–æ—Å—Ç–∏ –ì—Ä–æ–¥–Ω–æ,19700
2020-12-15,https://t.me/kolenkaluka,–•–∏—Ç—Ä—ã–π –ö–æ–ª—è,58888
2020-12-15,https://t.me/motolkohelp,–ú–æ—Ç–æ–ª—å–∫–æ–ü–æ–º–æ–≥–∏,129987
2020-12-15,https://t.me/online_belarus,–ë–µ–ª–∞—Ä—É—Å—å Online,175672
2020-12-15,https://t.me/the_village_me,The Village –ë–µ–ª–∞—Ä—É—Å—å,17219
2020-12-15,https://t.me/zashkvarka_org,–ó–∞—à–∫–≤–∞—Ä–∫–∞¬∞,4849
2020-12-15,https://t.me/nashaniva,–ù–∞—à–∞ –ùi–≤–∞,103972
2020-12-15,https://t.me/votebelarus2020,–ü–õ–ê–¢–§–û–†–ú–ê –ì–û–õ–û–° | –Ω–æ–≤–æ—Å—Ç–∏,146498
2020-12-15,https://t.me/tutby_official,TUT.BY –Ω–æ–≤–æ—Å—Ç–∏,446415
2020-12-15,https://t.me/studentyBY,–æ—Ç—á–∏—Å–ª–µ–Ω–æ,68553
2020-12-15,https://t.me/euroradio,Euroradio,36940
2020-12-15,https://t.me/bnkbel,–ë–∞—Å—Ç–∞!,133140
2020-12-15,https://t.me/nexta_tv,NEXTA,812988
2020-12-15,https://t.me/citydogby,CityDog.by,5570
2020-12-15,https://t.me/cityforcitizens,–ì–æ—Ä–∞–¥ –¥–ª—è –≥–∞—Ä–∞–¥–∂–∞–Ω,1651
2020-12-15,https://t.me/tsikhanouskaya,–°–≤–µ—Ç–ª–∞–Ω–∞ –¢–∏—Ö–∞–Ω–æ–≤—Å–∫–∞—è,102620
2020-12-15,https://t.me/belarusseichas,–ë–µ–ª–∞—Ä—É—Å—å –°–µ–π—á–∞—Å,169991
2020-12-15,https://t.me/belteanews,–ß–∞–π –∑ –º–∞–ª–∏–Ω–∞–≤—ã–º –≤–∞—Ä—ç–Ω–Ω–µ–º,193628
2020-12-15,https://t.me/charter97_org,–•–∞—Ä—Ç–∏—è-97%,70620
2020-12-15,https://t.me/harbatsevich,HARBACEVIƒå,10279
2020-12-15,https://t.me/chestnokkk,–ß–µ—Å—Ç–Ω–û–ö,1585
2020-12-15,https://t.me/belaruspartisanby,–ë–µ–ª–æ—Ä—É—Å—Å–∫–∏–π –ü–∞—Ä—Ç–∏–∑–∞–Ω,9409
2020-12-15,https://t.me/mc_maxim,–†–∞–±–æ—Ç–∞–µ–º —Å –ü—É—à–∫–∏–Ω—ã–º!,81731
2020-12-15,https://t.me/kanapa_army,–ö–∞–Ω–∞–ø–∞–≤—ã—è –≤–æ–π—Å–∫—ñ –ë–µ–ª–∞—Ä—É—Å—ñ,3490
2020-12-15,https://t.me/hrydzinphoto,Hrydzin Phototography,724
2020-12-15,https://t.me/mediazona_by,–ú–µ–¥–∏–∞–∑–æ–Ω–∞. –ë–µ–ª–∞—Ä—É—Å—å,11893
2020-12-15,https://t.me/tribuna_by,Tribuna.com –ë–µ–ª–∞—Ä—É—Å—å,16634
2020-12-15,https://t.me/nexta_live,NEXTA Live,1672447
2020-12-15,https://t.me/januskevicbooks,–í—ã–¥–∞–≤–µ—Ü—Ç–≤–∞ –Ø–Ω—É—à–∫–µ–≤—ñ—á,513
2020-12-15,https://t.me/UsyLukashenko,–£—Å—ã –õ—É–∫–∞—à–µ–Ω–∫–æ,99243
2020-12-15,https://t.me/terroristybelarusi,–ö–∞—Ä–∞—Ç–µ–ª–∏ –ë–µ–ª–∞—Ä—É—Å–∏,1109
2020-12-15,https://t.me/HodasevichLive,–•–æ–¥–∞—Å–µ–≤–∏—á LIVE,2231
2020-12-15,https://t.me/by_help,By_Help,5937
2020-12-15,https://t.me/symbalby,SYMBAL.BY,6692
2020-12-15,https://t.me/radiosvaboda,–†–∞–¥—ã—ë –°–≤–∞–±–æ–¥–∞ ‚Äî –ë–µ–ª–∞—Ä—É—Å—å,99934
2020-12-15,https://t.me/viasna96,–í—è—Å–Ω–∞ / –ü—Ä–∞–≤—ã —á–∞–ª–∞–≤–µ–∫–∞ —û –ë–µ–ª–∞—Ä—É—Å—ñ,20790
2020-12-15,https://t.me/kyky_org,–ö—É–ª—É–∞—Ä—ã KYKY,63530
2020-12-15,https://t.me/iSANS_Belarus,iSANS –ë–µ–ª–∞—Ä—É—Å—å,8063
2020-12-15,https://t.me/mkbelarus,–ú–ê–Ø –ö–†–ê–Ü–ù–ê –ë–ï–õ–ê–†–£–°–¨,191166
2020-12-22,https://t.me/votebelarus2020,–ü–õ–ê–¢–§–û–†–ú–ê –ì–û–õ–û–° | –Ω–æ–≤–æ—Å—Ç–∏,144268
2020-12-22,https://t.me/viasna96,–í—è—Å–Ω–∞ / –ü—Ä–∞–≤—ã —á–∞–ª–∞–≤–µ–∫–∞ —û –ë–µ–ª–∞—Ä—É—Å—ñ,20562
2020-12-22,https://t.me/viktarbabarykaofficial,–í–∏–∫—Ç–æ—Ä –ë–∞–±–∞—Ä–∏–∫–æ ‚Äî –æ—Ñ–∏—Ü–∏–∞–ª—å–Ω—ã–π –∫–∞–Ω–∞–ª,37422
2020-12-22,https://t.me/onlinerby,Onliner,146665
2020-12-22,https://t.me/online_belarus,–ë–µ–ª–∞—Ä—É—Å—å Online,172551
2020-12-22,https://t.me/terroristybelarusi,–ö–∞—Ä–∞—Ç–µ–ª–∏ –ë–µ–ª–∞—Ä—É—Å–∏,1096
2020-12-22,https://t.me/sputnikby,Sputnik –ë–µ–ª–∞—Ä—É—Å—å,20425
2020-12-22,https://t.me/hrydzinphoto,Hrydzin Phototography,711
2020-12-22,https://t.me/nashaniva,–ù–∞—à–∞ –ùi–≤–∞,102851
2020-12-22,https://t.me/belarus_economy,–≠–∫–æ–Ω–æ–º–∏–∫–∞ –ë–µ–ª–∞—Ä—É—Å–∏,41428
2020-12-22,https://t.me/motolkohelp,–ú–æ—Ç–æ–ª—å–∫–æ–ü–æ–º–æ–≥–∏,129271
2020-12-22,https://t.me/listovki_97,–õ–∏—Å—Ç–æ–≤–∫–∏ 97%,10894
2020-12-22,https://t.me/the_village_me,The Village –ë–µ–ª–∞—Ä—É—Å—å,17002
2020-12-22,https://t.me/naviny_by,Naviny.by,10376
2020-12-22,https://t.me/chestnokkk,–ß–µ—Å—Ç–Ω–û–ö,1637
2020-12-22,https://t.me/nexta_tv,NEXTA,799451
2020-12-22,https://t.me/radiosvaboda,–†–∞–¥—ã—ë –°–≤–∞–±–æ–¥–∞ ‚Äî –ë–µ–ª–∞—Ä—É—Å—å,98642
2020-12-22,https://t.me/citydogby,CityDog.by,5532
2020-12-22,https://t.me/by_help,By_Help,5898
2020-12-22,https://t.me/Spoilermen,–°–ø–æ–π–ª–µ—Ä–º—ç–Ω,816
2020-12-22,https://t.me/symbalby,SYMBAL.BY,6711
2020-12-22,https://t.me/harbatsevich,HARBACEVIƒå,10188
2020-12-22,https://t.me/belamova,–ë–µ–ª–∞—Ä—É—Å—å –≥–æ–ª–æ–≤–Ω–æ–≥–æ –º–æ–∑–≥–∞,362048
2020-12-22,https://t.me/belteanews,–ß–∞–π –∑ –º–∞–ª–∏–Ω–∞–≤—ã–º –≤–∞—Ä—ç–Ω–Ω–µ–º,191576
2020-12-22,https://t.me/kanapa_army,–ö–∞–Ω–∞–ø–∞–≤—ã—è –≤–æ–π—Å–∫—ñ –ë–µ–ª–∞—Ä—É—Å—ñ,3403
2020-12-22,https://t.me/minsk_block,–ú–∏–Ω—Å–∫. –ü–µ—Ä–µ–∫—Ä—ã—Ç–∏–µ –¥–æ—Ä–æ–≥,63
2020-12-22,https://t.me/UsyLukashenko,–£—Å—ã –õ—É–∫–∞—à–µ–Ω–∫–æ,97751
2020-12-22,https://t.me/belsat,–ë–µ–ª—Å–∞—Ç,112670
2020-12-22,https://t.me/kyky_org,–ö—É–ª—É–∞—Ä—ã KYKY,63151
2020-12-22,https://t.me/strana_official,–°—Ç—Ä–∞–Ω–∞ –î–ª—è –ñ–∏–∑–Ω–∏,81039
2020-12-22,https://t.me/koko_by,–ú–µ—Ä–∑–∫–∏–π –ö–æ–∫–æ–±–∞–π,110269
2020-12-22,https://t.me/tribuna_by,Tribuna.com –ë–µ–ª–∞—Ä—É—Å—å,16747
2020-12-22,https://t.me/mkbelarus,–ú–ê–Ø –ö–†–ê–Ü–ù–ê –ë–ï–õ–ê–†–£–°–¨,188036
2020-12-22,https://t.me/studentyBY,–æ—Ç—á–∏—Å–ª–µ–Ω–æ,68345
2020-12-22,https://t.me/mediazona_by,–ú–µ–¥–∏–∞–∑–æ–Ω–∞. –ë–µ–ª–∞—Ä—É—Å—å,11501
2020-12-22,https://t.me/kolenkaluka,–•–∏—Ç—Ä—ã–π –ö–æ–ª—è,57438
2020-12-22,https://t.me/charter97_org,–•–∞—Ä—Ç–∏—è-97%,70017
2020-12-22,https://t.me/tsikhanouskaya,–°–≤–µ—Ç–ª–∞–Ω–∞ –¢–∏—Ö–∞–Ω–æ–≤—Å–∫–∞—è,101312
2020-12-22,https://t.me/palchys,PALCHYS,25072
2020-12-22,https://t.me/januskevicbooks,–í—ã–¥–∞–≤–µ—Ü—Ç–≤–∞ –Ø–Ω—É—à–∫–µ–≤—ñ—á,515
2020-12-22,https://t.me/nexta_live,NEXTA Live,1640492
2020-12-22,https://t.me/euroradio,Euroradio,36611
2020-12-22,https://t.me/lebiadok,Lebiadok,4184
2020-12-22,https://t.me/tutby_official,TUT.BY –Ω–æ–≤–æ—Å—Ç–∏,444753
2020-12-22,https://t.me/s13ru,s13.ru ‚Äì –ù–æ–≤–æ—Å—Ç–∏ –ì—Ä–æ–¥–Ω–æ,19597
2020-12-22,https://t.me/shraibman,Shraibman,42591
2020-12-22,https://t.me/mc_maxim,–†–∞–±–æ—Ç–∞–µ–º —Å –ü—É—à–∫–∏–Ω—ã–º!,81280
2020-12-22,https://t.me/HodasevichLive,–•–æ–¥–∞—Å–µ–≤–∏—á LIVE,2357
2020-12-22,https://t.me/belarusseichas,–ë–µ–ª–∞—Ä—É—Å—å –°–µ–π—á–∞—Å,166925
2020-12-22,https://t.me/belaruspartisanby,–ë–µ–ª–æ—Ä—É—Å—Å–∫–∏–π –ü–∞—Ä—Ç–∏–∑–∞–Ω,9319
2020-12-22,https://t.me/luxta_tv,LUXTA,184043
2020-12-22,https://t.me/vybory_smotri,–í—ã–±–æ—Ä—ã –≤–∏–¥–∏—à—å? | TUT.BY –ü–æ–ª–∏—Ç–∏–∫–∞,73755
2020-12-22,https://t.me/cityforcitizens,–ì–æ—Ä–∞–¥ –¥–ª—è –≥–∞—Ä–∞–¥–∂–∞–Ω,1625
2020-12-22,https://t.me/stopbotluka,–ö–∏–±–µ—Ä –ü–∞—Ä—Ç–∏–∑–∞–Ω—ã | üü° –≥—Ä—É–ø–ø–∞ | –ë–æ—Ä–µ–º—Å—è —Å –ø—Ä–æ–ø–∞–≥–∞–Ω–¥–æ–π,10693
2020-12-22,https://t.me/BlackBookBelarus,–ß–µ—Ä–Ω–∞—è –∫–Ω–∏–≥–∞ –ë–µ–ª–∞—Ä—É—Å–∏,93615
2020-12-22,https://t.me/iSANS_Belarus,iSANS –ë–µ–ª–∞—Ä—É—Å—å,8010
2020-12-22,https://t.me/zashkvarka_org,–ó–∞—à–∫–≤–∞—Ä–∫–∞¬∞,4808
2020-12-22,https://t.me/rada_vision,–ö–æ–æ—Ä–¥–∏–Ω–∞—Ü–∏–æ–Ω–Ω—ã–π —Å–æ–≤–µ—Ç,22845
2020-12-22,https://t.me/latushka,–ü–∞–≤–µ–ª –õ–∞—Ç—É—à–∫–æ | Pavel Latushka,50631
2020-12-22,https://t.me/bnkbel,–ë–∞—Å—Ç–∞!,130212
2020-12-22,https://t.me/spiski_okrestina,–°–ø–∏—Å–∫–∏ –ó–∞–¥–µ—Ä–∂–∞–Ω–Ω—ã—Ö (–ñ–æ–¥–∏–Ω–æ+–û–∫—Ä–µ—Å—Ç–∏–Ω–∞+–ë–∞—Ä–∞–Ω–æ–≤–∏—á–∏+–ú–æ–≥–∏–ª–µ–≤),33764
2020-12-22,https://t.me/belhalat_by,–ë–µ–ª—ã–µ –•–∞–ª–∞—Ç—ã. News,50899
2020-12-29,https://t.me/nexta_tv,NEXTA,785578
2020-12-29,https://t.me/motolkohelp,–ú–æ—Ç–æ–ª—å–∫–æ–ü–æ–º–æ–≥–∏,129073
2020-12-29,https://t.me/HodasevichLive,–•–æ–¥–∞—Å–µ–≤–∏—á LIVE,2547
2020-12-29,https://t.me/belsat,–ë–µ–ª—Å–∞—Ç,111540
2020-12-29,https://t.me/online_belarus,–ë–µ–ª–∞—Ä—É—Å—å Online,170092
2020-12-29,https://t.me/by_help,By_Help,5868
2020-12-29,https://t.me/vybory_smotri,–í—ã–±–æ—Ä—ã –≤–∏–¥–∏—à—å? | TUT.BY –ü–æ–ª–∏—Ç–∏–∫–∞,72829
2020-12-29,https://t.me/kolenkaluka,–•–∏—Ç—Ä—ã–π –ö–æ–ª—è,56091
2020-12-29,https://t.me/shraibman,Shraibman,42631
2020-12-29,https://t.me/euroradio,Euroradio,36207
2020-12-29,https://t.me/sputnikby,Sputnik –ë–µ–ª–∞—Ä—É—Å—å,20223
2020-12-29,https://t.me/harbatsevich,HARBACEVIƒå,10087
2020-12-29,https://t.me/votebelarus2020,–ü–õ–ê–¢–§–û–†–ú–ê –ì–û–õ–û–° | –Ω–æ–≤–æ—Å—Ç–∏,142496
2020-12-29,https://t.me/luxta_tv,LUXTA,181416
2020-12-29,https://t.me/symbalby,SYMBAL.BY,6667
2020-12-29,https://t.me/spiski_okrestina,–°–ø–∏—Å–∫–∏ –ó–∞–¥–µ—Ä–∂–∞–Ω–Ω—ã—Ö (–ñ–æ–¥–∏–Ω–æ+–û–∫—Ä–µ—Å—Ç–∏–Ω–∞+–ë–∞—Ä–∞–Ω–æ–≤–∏—á–∏+–ú–æ–≥–∏–ª–µ–≤),32993
2020-12-29,https://t.me/onlinerby,Onliner,145886
2020-12-29,https://t.me/mkbelarus,–ú–ê–Ø –ö–†–ê–Ü–ù–ê –ë–ï–õ–ê–†–£–°–¨,185315
2020-12-29,https://t.me/mediazona_by,–ú–µ–¥–∏–∞–∑–æ–Ω–∞. –ë–µ–ª–∞—Ä—É—Å—å,11290
2020-12-29,https://t.me/naviny_by,Naviny.by,10286
2020-12-29,https://t.me/citydogby,CityDog.by,5516
2020-12-29,https://t.me/mc_maxim,–†–∞–±–æ—Ç–∞–µ–º —Å –ü—É—à–∫–∏–Ω—ã–º!,80918
2020-12-29,https://t.me/terroristybelarusi,–ö–∞—Ä–∞—Ç–µ–ª–∏ –ë–µ–ª–∞—Ä—É—Å–∏,1097
2020-12-29,https://t.me/palchys,PALCHYS,24794
2020-12-29,https://t.me/the_village_me,The Village –ë–µ–ª–∞—Ä—É—Å—å,16813
2020-12-29,https://t.me/nexta_live,NEXTA Live,1613514
2020-12-29,https://t.me/Spoilermen,–°–ø–æ–π–ª–µ—Ä–º—ç–Ω,819
2020-12-29,https://t.me/belteanews,–ß–∞–π –∑ –º–∞–ª–∏–Ω–∞–≤—ã–º –≤–∞—Ä—ç–Ω–Ω–µ–º,189615
2020-12-29,https://t.me/belamova,–ë–µ–ª–∞—Ä—É—Å—å –≥–æ–ª–æ–≤–Ω–æ–≥–æ –º–æ–∑–≥–∞,356604
2020-12-29,https://t.me/kanapa_army,–ö–∞–Ω–∞–ø–∞–≤—ã—è –≤–æ–π—Å–∫—ñ –ë–µ–ª–∞—Ä—É—Å—ñ,3355
2020-12-29,https://t.me/koko_by,–ú–µ—Ä–∑–∫–∏–π –ö–æ–∫–æ–±–∞–π,116643
2020-12-29,https://t.me/listovki_97,–õ–∏—Å—Ç–æ–≤–∫–∏ 97%,10683
2020-12-29,https://t.me/januskevicbooks,–í—ã–¥–∞–≤–µ—Ü—Ç–≤–∞ –Ø–Ω—É—à–∫–µ–≤—ñ—á,527
2020-12-29,https://t.me/tsikhanouskaya,–°–≤–µ—Ç–ª–∞–Ω–∞ –¢–∏—Ö–∞–Ω–æ–≤—Å–∫–∞—è,100027
2020-12-29,https://t.me/belarusseichas,–ë–µ–ª–∞—Ä—É—Å—å –°–µ–π—á–∞—Å,164072
2020-12-29,https://t.me/UsyLukashenko,–£—Å—ã –õ—É–∫–∞—à–µ–Ω–∫–æ,96989
2020-12-29,https://t.me/cityforcitizens,–ì–æ—Ä–∞–¥ –¥–ª—è –≥–∞—Ä–∞–¥–∂–∞–Ω,1610
2020-12-29,https://t.me/tutby_official,TUT.BY –Ω–æ–≤–æ—Å—Ç–∏,442865
2020-12-29,https://t.me/belaruspartisanby,–ë–µ–ª–æ—Ä—É—Å—Å–∫–∏–π –ü–∞—Ä—Ç–∏–∑–∞–Ω,9260
2020-12-29,https://t.me/charter97_org,–•–∞—Ä—Ç–∏—è-97%,69553
2020-12-29,https://t.me/hrydzinphoto,Hrydzin Phototography,705
2020-12-29,https://t.me/latushka,–ü–∞–≤–µ–ª –õ–∞—Ç—É—à–∫–æ | Pavel Latushka,50080
2020-12-29,https://t.me/viasna96,–í—è—Å–Ω–∞ / –ü—Ä–∞–≤—ã —á–∞–ª–∞–≤–µ–∫–∞ —û –ë–µ–ª–∞—Ä—É—Å—ñ,20359
2020-12-29,https://t.me/stopbotluka,–ö–∏–±–µ—Ä –ü–∞—Ä—Ç–∏–∑–∞–Ω—ã | üü° –≥—Ä—É–ø–ø–∞ | –ë–æ—Ä–µ–º—Å—è —Å –ø—Ä–æ–ø–∞–≥–∞–Ω–¥–æ–π,12351
2020-12-29,https://t.me/viktarbabarykaofficial,–í–∏–∫—Ç–æ—Ä –ë–∞–±–∞—Ä–∏–∫–æ ‚Äî –æ—Ñ–∏—Ü–∏–∞–ª—å–Ω—ã–π –∫–∞–Ω–∞–ª,36834
2020-12-29,https://t.me/lebiadok,Lebiadok,4155
2020-12-29,https://t.me/bnkbel,–ë–∞—Å—Ç–∞!,128211
2020-12-29,https://t.me/chestnokkk,–ß–µ—Å—Ç–Ω–û–ö,1663
2020-12-29,https://t.me/rada_vision,–ö–æ–æ—Ä–¥–∏–Ω–∞—Ü–∏–æ–Ω–Ω—ã–π —Å–æ–≤–µ—Ç,22541
2020-12-29,https://t.me/iSANS_Belarus,iSANS –ë–µ–ª–∞—Ä—É—Å—å,8047
2020-12-29,https://t.me/kyky_org,–ö—É–ª—É–∞—Ä—ã KYKY,62651
2020-12-29,https://t.me/zashkvarka_org,–ó–∞—à–∫–≤–∞—Ä–∫–∞¬∞,4767
2020-12-29,https://t.me/tribuna_by,Tribuna.com –ë–µ–ª–∞—Ä—É—Å—å,16789
2020-12-29,https://t.me/nashaniva,–ù–∞—à–∞ –ùi–≤–∞,101874
2020-12-29,https://t.me/studentyBY,–æ—Ç—á–∏—Å–ª–µ–Ω–æ,67814
2020-12-29,https://t.me/s13ru,s13.ru ‚Äì –ù–æ–≤–æ—Å—Ç–∏ –ì—Ä–æ–¥–Ω–æ,19491
2020-12-29,https://t.me/belarus_economy,–≠–∫–æ–Ω–æ–º–∏–∫–∞ –ë–µ–ª–∞—Ä—É—Å–∏,41227
2020-12-29,https://t.me/minsk_block,–ú–∏–Ω—Å–∫. –ü–µ—Ä–µ–∫—Ä—ã—Ç–∏–µ –¥–æ—Ä–æ–≥,61
2020-12-29,https://t.me/strana_official,–°—Ç—Ä–∞–Ω–∞ –î–ª—è –ñ–∏–∑–Ω–∏,80075
2020-12-29,https://t.me/radiosvaboda,–†–∞–¥—ã—ë –°–≤–∞–±–æ–¥–∞ ‚Äî –ë–µ–ª–∞—Ä—É—Å—å,97344
2020-12-29,https://t.me/belhalat_by,–ë–µ–ª—ã–µ –•–∞–ª–∞—Ç—ã. News,50193
2020-12-29,https://t.me/BlackBookBelarus,–ß–µ—Ä–Ω–∞—è –∫–Ω–∏–≥–∞ –ë–µ–ª–∞—Ä—É—Å–∏,92347
2021-01-05,https://t.me/HodasevichLive,–•–æ–¥–∞—Å–µ–≤–∏—á LIVE,2633
2021-01-05,https://t.me/koko_by,–ú–µ—Ä–∑–∫–∏–π –ö–æ–∫–æ–±–∞–π,116869
2021-01-05,https://t.me/vybory_smotri,–í—ã–±–æ—Ä—ã –≤–∏–¥–∏—à—å? | TUT.BY –ü–æ–ª–∏—Ç–∏–∫–∞,72019
2021-01-05,https://t.me/nexta_tv,NEXTA,774184
2021-01-05,https://t.me/tutby_official,TUT.BY –Ω–æ–≤–æ—Å—Ç–∏,441633
2021-01-05,https://t.me/luxta_tv,LUXTA,179384
2021-01-05,https://t.me/UsyLukashenko,–£—Å—ã –õ—É–∫–∞—à–µ–Ω–∫–æ,95531
2021-01-05,https://t.me/mc_maxim,–†–∞–±–æ—Ç–∞–µ–º —Å –ü—É—à–∫–∏–Ω—ã–º!,80490
2021-01-05,https://t.me/strana_official,–°—Ç—Ä–∞–Ω–∞ –î–ª—è –ñ–∏–∑–Ω–∏,79548
2021-01-05,https://t.me/Spoilermen,–°–ø–æ–π–ª–µ—Ä–º—ç–Ω,817
2021-01-05,https://t.me/iSANS_Belarus,iSANS –ë–µ–ª–∞—Ä—É—Å—å,8005
2021-01-05,https://t.me/online_belarus,–ë–µ–ª–∞—Ä—É—Å—å Online,168170
2021-01-05,https://t.me/minsk_block,–ú–∏–Ω—Å–∫. –ü–µ—Ä–µ–∫—Ä—ã—Ç–∏–µ –¥–æ—Ä–æ–≥,61
2021-01-05,https://t.me/viasna96,–í—è—Å–Ω–∞ / –ü—Ä–∞–≤—ã —á–∞–ª–∞–≤–µ–∫–∞ —û –ë–µ–ª–∞—Ä—É—Å—ñ,20305
2021-01-05,https://t.me/belamova,–ë–µ–ª–∞—Ä—É—Å—å –≥–æ–ª–æ–≤–Ω–æ–≥–æ –º–æ–∑–≥–∞,351612
2021-01-05,https://t.me/chestnokkk,–ß–µ—Å—Ç–Ω–û–ö,1678
2021-01-05,https://t.me/belhalat_by,–ë–µ–ª—ã–µ –•–∞–ª–∞—Ç—ã. News,50042
2021-01-05,https://t.me/belsat,–ë–µ–ª—Å–∞—Ç,110877
2021-01-05,https://t.me/palchys,PALCHYS,24541
2021-01-05,https://t.me/hrydzinphoto,Hrydzin Phototography,697
2021-01-05,https://t.me/charter97_org,–•–∞—Ä—Ç–∏—è-97%,69118
2021-01-05,https://t.me/stopbotluka,–ö–∏–±–µ—Ä –ü–∞—Ä—Ç–∏–∑–∞–Ω—ã | üü° –≥—Ä—É–ø–ø–∞ | –ë–æ—Ä–µ–º—Å—è —Å –ø—Ä–æ–ø–∞–≥–∞–Ω–¥–æ–π,12076
2021-01-05,https://t.me/viktarbabarykaofficial,–í–∏–∫—Ç–æ—Ä –ë–∞–±–∞—Ä–∏–∫–æ ‚Äî –æ—Ñ–∏—Ü–∏–∞–ª—å–Ω—ã–π –∫–∞–Ω–∞–ª,36505
2021-01-05,https://t.me/belaruspartisanby,–ë–µ–ª–æ—Ä—É—Å—Å–∫–∏–π –ü–∞—Ä—Ç–∏–∑–∞–Ω,9213
2021-01-05,https://t.me/shraibman,Shraibman,42576
2021-01-05,https://t.me/rada_vision,–ö–æ–æ—Ä–¥–∏–Ω–∞—Ü–∏–æ–Ω–Ω—ã–π —Å–æ–≤–µ—Ç,22235
2021-01-05,https://t.me/nashaniva,–ù–∞—à–∞ –ùi–≤–∞,101132
2021-01-05,https://t.me/mediazona_by,–ú–µ–¥–∏–∞–∑–æ–Ω–∞. –ë–µ–ª–∞—Ä—É—Å—å,11107
2021-01-05,https://t.me/terroristybelarusi,–ö–∞—Ä–∞—Ç–µ–ª–∏ –ë–µ–ª–∞—Ä—É—Å–∏,1095
2021-01-05,https://t.me/s13ru,s13.ru ‚Äì –ù–æ–≤–æ—Å—Ç–∏ –ì—Ä–æ–¥–Ω–æ,19375
2021-01-05,https://t.me/tsikhanouskaya,–°–≤–µ—Ç–ª–∞–Ω–∞ –¢–∏—Ö–∞–Ω–æ–≤—Å–∫–∞—è,99928
2021-01-05,https://t.me/votebelarus2020,–ü–õ–ê–¢–§–û–†–ú–ê –ì–û–õ–û–° | –Ω–æ–≤–æ—Å—Ç–∏,140954
2021-01-05,https://t.me/lebiadok,Lebiadok,4135
2021-01-05,https://t.me/belteanews,–ß–∞–π –∑ –º–∞–ª–∏–Ω–∞–≤—ã–º –≤–∞—Ä—ç–Ω–Ω–µ–º,188855
2021-01-05,https://t.me/by_help,By_Help,5833
2021-01-05,https://t.me/cityforcitizens,–ì–æ—Ä–∞–¥ –¥–ª—è –≥–∞—Ä–∞–¥–∂–∞–Ω,1588
2021-01-05,https://t.me/januskevicbooks,–í—ã–¥–∞–≤–µ—Ü—Ç–≤–∞ –Ø–Ω—É—à–∫–µ–≤—ñ—á,529
2021-01-05,https://t.me/kolenkaluka,–•–∏—Ç—Ä—ã–π –ö–æ–ª—è,54798
2021-01-05,https://t.me/tribuna_by,Tribuna.com –ë–µ–ª–∞—Ä—É—Å—å,16777
2021-01-05,https://t.me/naviny_by,Naviny.by,10258
2021-01-05,https://t.me/belarusseichas,–ë–µ–ª–∞—Ä—É—Å—å –°–µ–π—á–∞—Å,161695
2021-01-05,https://t.me/kyky_org,–ö—É–ª—É–∞—Ä—ã KYKY,62344
2021-01-05,https://t.me/the_village_me,The Village –ë–µ–ª–∞—Ä—É—Å—å,16685
2021-01-05,https://t.me/motolkohelp,–ú–æ—Ç–æ–ª—å–∫–æ–ü–æ–º–æ–≥–∏,128919
2021-01-05,https://t.me/belarus_economy,–≠–∫–æ–Ω–æ–º–∏–∫–∞ –ë–µ–ª–∞—Ä—É—Å–∏,40992
2021-01-05,https://t.me/onlinerby,Onliner,145362
2021-01-05,https://t.me/mkbelarus,–ú–ê–Ø –ö–†–ê–Ü–ù–ê –ë–ï–õ–ê–†–£–°–¨,182785
2021-01-05,https://t.me/euroradio,Euroradio,35882
2021-01-05,https://t.me/sputnikby,Sputnik –ë–µ–ª–∞—Ä—É—Å—å,20087
2021-01-05,https://t.me/citydogby,CityDog.by,5488
2021-01-05,https://t.me/kanapa_army,–ö–∞–Ω–∞–ø–∞–≤—ã—è –≤–æ–π—Å–∫—ñ –ë–µ–ª–∞—Ä—É—Å—ñ,3302
2021-01-05,https://t.me/symbalby,SYMBAL.BY,6675
2021-01-05,https://t.me/zashkvarka_org,–ó–∞—à–∫–≤–∞—Ä–∫–∞¬∞,4703
2021-01-05,https://t.me/BlackBookBelarus,–ß–µ—Ä–Ω–∞—è –∫–Ω–∏–≥–∞ –ë–µ–ª–∞—Ä—É—Å–∏,91529
2021-01-05,https://t.me/spiski_okrestina,–°–ø–∏—Å–∫–∏ –ó–∞–¥–µ—Ä–∂–∞–Ω–Ω—ã—Ö (–ñ–æ–¥–∏–Ω–æ+–û–∫—Ä–µ—Å—Ç–∏–Ω–∞+–ë–∞—Ä–∞–Ω–æ–≤–∏—á–∏+–ú–æ–≥–∏–ª–µ–≤),32440
2021-01-05,https://t.me/latushka,–ü–∞–≤–µ–ª –õ–∞—Ç—É—à–∫–æ | Pavel Latushka,49780
2021-01-05,https://t.me/radiosvaboda,–†–∞–¥—ã—ë –°–≤–∞–±–æ–¥–∞ ‚Äî –ë–µ–ª–∞—Ä—É—Å—å,96353
2021-01-05,https://t.me/harbatsevich,HARBACEVIƒå,10017
2021-01-05,https://t.me/nexta_live,NEXTA Live,1589818
2021-01-05,https://t.me/bnkbel,–ë–∞—Å—Ç–∞!,126194
2021-01-05,https://t.me/listovki_97,–õ–∏—Å—Ç–æ–≤–∫–∏ 97%,8173
2021-01-05,https://t.me/studentyBY,–æ—Ç—á–∏—Å–ª–µ–Ω–æ,67369
2021-01-12,https://t.me/the_village_me,The Village –ë–µ–ª–∞—Ä—É—Å—å,16605
2021-01-12,https://t.me/belarus_economy,–≠–∫–æ–Ω–æ–º–∏–∫–∞ –ë–µ–ª–∞—Ä—É—Å–∏,40836
2021-01-12,https://t.me/bnkbel,–ë–∞—Å—Ç–∞!,124724
2021-01-12,https://t.me/symbalby,SYMBAL.BY,6594
2021-01-12,https://t.me/shraibman,Shraibman,45078
2021-01-12,https://t.me/belsat,–ë–µ–ª—Å–∞—Ç,110069
2021-01-12,https://t.me/kanapa_army,–ö–∞–Ω–∞–ø–∞–≤—ã—è –≤–æ–π—Å–∫—ñ –ë–µ–ª–∞—Ä—É—Å—ñ,3244
2021-01-12,https://t.me/latushka,–ü–∞–≤–µ–ª –õ–∞—Ç—É—à–∫–æ | Pavel Latushka,49540
2021-01-12,https://t.me/naviny_by,Naviny,10183
2021-01-12,https://t.me/charter97_org,–•–∞—Ä—Ç–∏—è-97%,69184
2021-01-12,https://t.me/studentyBY,–æ—Ç—á–∏—Å–ª–µ–Ω–æ,66979
2021-01-12,https://t.me/mediazona_by,–ú–µ–¥–∏–∞–∑–æ–Ω–∞. –ë–µ–ª–∞—Ä—É—Å—å,10891
2021-01-12,https://t.me/HodasevichLive,–•–æ–¥–∞—Å–µ–≤–∏—á LIVE,2678
2021-01-12,https://t.me/nexta_live,NEXTA Live,1565124
2021-01-12,https://t.me/listovki_97,–õ–∏—Å—Ç–æ–≤–∫–∏ 97%,8044
2021-01-12,https://t.me/tsikhanouskaya,–°–≤–µ—Ç–ª–∞–Ω–∞ –¢–∏—Ö–∞–Ω–æ–≤—Å–∫–∞—è,99152
2021-01-12,https://t.me/motolkohelp,–ú–æ—Ç–æ–ª—å–∫–æ–ü–æ–º–æ–≥–∏,129648
2021-01-12,https://t.me/minsk_block,–ú–∏–Ω—Å–∫. –ü–µ—Ä–µ–∫—Ä—ã—Ç–∏–µ –¥–æ—Ä–æ–≥,58
2021-01-12,https://t.me/belaruspartisanby,–ë–µ–ª–æ—Ä—É—Å—Å–∫–∏–π –ü–∞—Ä—Ç–∏–∑–∞–Ω,9147
2021-01-12,https://t.me/votebelarus2020,–ü–õ–ê–¢–§–û–†–ú–ê –ì–û–õ–û–° | –Ω–æ–≤–æ—Å—Ç–∏,139694
2021-01-12,https://t.me/vybory_smotri,–í—ã–±–æ—Ä—ã –≤–∏–¥–∏—à—å? | TUT.BY –ü–æ–ª–∏—Ç–∏–∫–∞,71210
2021-01-12,https://t.me/by_help,By_Help,5818
2021-01-12,https://t.me/euroradio,Euroradio,35526
2021-01-12,https://t.me/nexta_tv,NEXTA,763292
2021-01-12,https://t.me/harbatsevich,HARBACEVIƒå,9920
2021-01-12,https://t.me/UsyLukashenko,–£—Å—ã –õ—É–∫–∞—à–µ–Ω–∫–æ,94318
2021-01-12,https://t.me/cityforcitizens,–ì–æ—Ä–∞–¥ –¥–ª—è –≥–∞—Ä–∞–¥–∂–∞–Ω,1567
2021-01-12,https://t.me/kyky_org,–ö—É–ª—É–∞—Ä—ã KYKY,62374
2021-01-12,https://t.me/belhalat_by,–ë–µ–ª—ã–µ –•–∞–ª–∞—Ç—ã. News,49757
2021-01-12,https://t.me/terroristybelarusi,–ö–∞—Ä–∞—Ç–µ–ª–∏ –ë–µ–ª–∞—Ä—É—Å–∏,1089
2021-01-12,https://t.me/online_belarus,–ë–µ–ª–∞—Ä—É—Å—å Online,166185
2021-01-12,https://t.me/stopbotluka,–ö–∏–±–µ—Ä –ü–∞—Ä—Ç–∏–∑–∞–Ω—ã | üü° –≥—Ä—É–ø–ø–∞ | –ë–æ—Ä–µ–º—Å—è —Å –ø—Ä–æ–ø–∞–≥–∞–Ω–¥–æ–π,12059
2021-01-12,https://t.me/mkbelarus,–ú–ê–Ø –ö–†–ê–Ü–ù–ê –ë–ï–õ–ê–†–£–°–¨,179904
2021-01-12,https://t.me/tribuna_by,Tribuna.com –ë–µ–ª–∞—Ä—É—Å—å,16758
2021-01-12,https://t.me/koko_by,–ú–µ—Ä–∑–∫–∏–π –ö–æ–∫–æ–±–∞–π,116751
2021-01-12,https://t.me/luxta_tv,LUXTA,177137
2021-01-12,https://t.me/belarusseichas,–ë–µ–ª–∞—Ä—É—Å—å –°–µ–π—á–∞—Å,159308
2021-01-12,https://t.me/hrydzinphoto,Hrydzin Phototography,686
2021-01-12,https://t.me/mc_maxim,–†–∞–±–æ—Ç–∞–µ–º —Å –ü—É—à–∫–∏–Ω—ã–º!,80116
2021-01-12,https://t.me/belteanews,–ß–∞–π –∑ –º–∞–ª–∏–Ω–∞–≤—ã–º –≤–∞—Ä—ç–Ω–Ω–µ–º,187284
2021-01-12,https://t.me/januskevicbooks,–í—ã–¥–∞–≤–µ—Ü—Ç–≤–∞ –Ø–Ω—É—à–∫–µ–≤—ñ—á,530
2021-01-12,https://t.me/s13ru,s13.ru ‚Äì –ù–æ–≤–æ—Å—Ç–∏ –ì—Ä–æ–¥–Ω–æ,19264
2021-01-12,https://t.me/radiosvaboda,–†–∞–¥—ã—ë –°–≤–∞–±–æ–¥–∞ ‚Äî –ë–µ–ª–∞—Ä—É—Å—å,95308
2021-01-12,https://t.me/tutby_official,TUT.BY –Ω–æ–≤–æ—Å—Ç–∏,440368
2021-01-12,https://t.me/nashaniva,–ù–∞—à–∞ –ùi–≤–∞,100421
2021-01-12,https://t.me/viasna96,–í—è—Å–Ω–∞ / –ü—Ä–∞–≤—ã —á–∞–ª–∞–≤–µ–∫–∞ —û –ë–µ–ª–∞—Ä—É—Å—ñ,20098
2021-01-12,https://t.me/Spoilermen,–°–ø–æ–π–ª–µ—Ä–º—ç–Ω,824
2021-01-12,https://t.me/strana_official,–°—Ç—Ä–∞–Ω–∞ –î–ª—è –ñ–∏–∑–Ω–∏,78652
2021-01-12,https://t.me/sputnikby,Sputnik –ë–µ–ª–∞—Ä—É—Å—å,19879
2021-01-12,https://t.me/belamova,–ë–µ–ª–∞—Ä—É—Å—å –≥–æ–ª–æ–≤–Ω–æ–≥–æ –º–æ–∑–≥–∞,346184
2021-01-12,https://t.me/lebiadok,Lebiadok,5204
2021-01-12,https://t.me/spiski_okrestina,–°–ø–∏—Å–∫–∏ –ó–∞–¥–µ—Ä–∂–∞–Ω–Ω—ã—Ö (–ñ–æ–¥–∏–Ω–æ+–û–∫—Ä–µ—Å—Ç–∏–Ω–∞+–ë–∞—Ä–∞–Ω–æ–≤–∏—á–∏+–ú–æ–≥–∏–ª–µ–≤),32225
2021-01-12,https://t.me/citydogby,CityDog.by,5455
2021-01-12,https://t.me/iSANS_Belarus,iSANS –ë–µ–ª–∞—Ä—É—Å—å,8177
2021-01-12,https://t.me/viktarbabarykaofficial,–í–∏–∫—Ç–æ—Ä –ë–∞–±–∞—Ä–∏–∫–æ ‚Äî –æ—Ñ–∏—Ü–∏–∞–ª—å–Ω—ã–π –∫–∞–Ω–∞–ª,36012
2021-01-12,https://t.me/chestnokkk,–ß–µ—Å—Ç–Ω–û–ö,1675
2021-01-12,https://t.me/onlinerby,Onliner,144667
2021-01-12,https://t.me/zashkvarka_org,–ó–∞—à–∫–≤–∞—Ä–∫–∞¬∞,4654
2021-01-12,https://t.me/BlackBookBelarus,–ß–µ—Ä–Ω–∞—è –∫–Ω–∏–≥–∞ –ë–µ–ª–∞—Ä—É—Å–∏,90315
2021-01-12,https://t.me/palchys,PALCHYS,24277
2021-01-12,https://t.me/rada_vision,–ö–æ–æ—Ä–¥–∏–Ω–∞—Ü–∏–æ–Ω–Ω—ã–π —Å–æ–≤–µ—Ç,22001
2021-01-12,https://t.me/kolenkaluka,–•–∏—Ç—Ä—ã–π –ö–æ–ª—è,53555
